Date,AAPL,AMZN,BND,GLD,JPM,MSFT,NVDA,SPY
2023-01-03,122.98271179199219,85.81999969482422,63.64902877807617,171.05999755859375,123.73519134521484,232.94825744628906,14.283263206481934,364.1339416503906
2023-01-04,124.25118255615234,85.13999938964844,64.01033020019531,172.6699981689453,124.88903045654297,222.7583770751953,14.716300964355469,366.94512939453125
2023-01-05,122.93355560302734,83.12000274658203,63.93983459472656,170.52000427246094,124.8613510131836,216.15631103515625,14.233373641967773,362.7570495605469
2023-01-06,127.45677185058594,86.08000183105469,64.64486694335938,173.7100067138672,127.25067138671875,218.7037811279297,14.826057434082031,371.07586669921875
2023-01-09,127.97794342041016,87.36000061035156,64.8211898803711,174.10000610351562,126.72481536865234,220.83319091796875,15.593351364135742,370.8654479980469
2023-01-10,128.54824829101562,89.87000274658203,64.56558990478516,174.74000549316406,127.85948944091797,222.5152587890625,15.873727798461914,373.46624755859375
2023-01-11,131.26217651367188,95.08999633789062,64.9093017578125,174.6199951171875,128.80967712402344,229.2437286376953,15.965523719787598,378.1897888183594
2023-01-12,131.1835174560547,95.2699966430664,65.41163635253906,176.63999938964844,128.68055725097656,231.90786743164062,16.474393844604492,379.5667419433594
2023-01-13,132.51097106933594,98.12000274658203,65.1913070678711,178.75999450683594,131.92776489257812,232.60794067382812,16.86153221130371,381.03924560546875
2023-01-17,133.67132568359375,96.05000305175781,65.10321807861328,177.58999633789062,129.88902282714844,233.69692993164062,17.66275405883789,380.3412780761719
2023-01-18,132.95350646972656,95.45999908447266,65.70249938964844,177.0800018310547,125.9867935180664,229.2825927734375,17.338476181030273,374.3363952636719
2023-01-19,133.0124969482422,93.68000030517578,65.57027435302734,179.88999938964844,124.30784606933594,225.510009765625,16.72783088684082,371.6112976074219
2023-01-20,135.56910705566406,97.25,65.27945709228516,179.2899932861328,124.61224365234375,233.57054138183594,17.799449920654297,378.53411865234375
2023-01-23,138.75503540039062,97.5199966430664,65.12080383300781,179.6300048828125,126.6325454711914,235.86521911621094,19.15045166015625,383.0759582519531
2023-01-24,140.1513214111328,96.31999969482422,65.41163635253906,180.27999877929688,127.72113800048828,235.3401336669922,19.222288131713867,382.6647644042969
2023-01-25,139.4924774169922,97.18000030517578,65.490966796875,181.11000061035156,128.3391876220703,233.94973754882812,19.280160903930664,382.8082275390625
2023-01-26,141.55747985839844,99.22000122070312,65.36759948730469,179.47000122070312,129.13255310058594,241.1352081298828,19.75809669494629,387.0154724121094
2023-01-27,143.49459838867188,102.23999786376953,65.29708099365234,179.22000122070312,129.4462127685547,241.29074096679688,20.319849014282227,387.9046630859375
2023-01-30,140.6134490966797,100.55000305175781,65.11201477050781,178.75999450683594,128.3484344482422,235.9916534423828,19.11952018737793,383.0377502441406
2023-01-31,141.88192749023438,103.12999725341797,65.41163635253906,179.41000366210938,129.11412048339844,240.95046997070312,19.49368667602539,388.66961669921875
2023-02-01,143.00291442871094,105.1500015258789,65.8321533203125,181.6699981689453,128.77279663085938,245.75369262695312,20.896570205688477,392.80035400390625
2023-02-02,148.302978515625,112.91000366210938,65.87633514404297,177.89999389648438,128.17315673828125,257.2756652832031,21.66086769104004,398.5184020996094
2023-02-03,151.9215850830078,103.38999938964844,65.29328155517578,173.4600067138672,130.15652465820312,251.19869995117188,21.053218841552734,394.2823791503906
2023-02-06,149.19778442382812,102.18000030517578,64.88688659667969,173.82000732421875,130.92222595214844,249.6623992919922,21.042245864868164,391.872802734375
2023-02-07,152.0690155029297,102.11000061035156,64.79853820800781,173.97999572753906,132.51815795898438,260.1537780761719,22.12384033203125,396.998046875
2023-02-08,149.38458251953125,100.05000305175781,64.91340637207031,174.41000366210938,131.5863800048828,259.3467712402344,22.155771255493164,392.6568908691406
2023-02-09,148.35214233398438,98.23999786376953,64.64836883544922,173.02999877929688,129.5384521484375,256.32275390625,22.2874755859375,389.2528076171875
2023-02-10,148.71652221679688,97.61000061035156,64.37451934814453,173.36000061035156,130.1103973388672,255.81719970703125,21.21785545349121,390.1612854003906
2023-02-13,151.51339721679688,99.54000091552734,64.55120849609375,172.47999572753906,131.5218505859375,263.8096923828125,21.73969078063965,394.7413635253906
2023-02-14,150.873291015625,99.69999694824219,64.33036804199219,172.61000061035156,132.10302734375,264.63616943359375,22.92007064819336,394.5596923828125
2023-02-15,152.9709014892578,101.16000366210938,64.18901062011719,170.88999938964844,132.65652465820312,262.52093505859375,22.71352767944336,395.841064453125
2023-02-16,151.37550354003906,98.1500015258789,63.94165802001953,170.75,130.8300018310547,255.5319366455078,21.953224182128906,390.3907470703125
2023-02-17,150.233154296875,97.19999694824219,64.0830078125,171.25999450683594,131.21742248535156,251.54515075683594,21.34058380126953,389.41546630859375
2023-02-21,146.2249755859375,94.58000183105469,63.526451110839844,170.6199951171875,128.80967712402344,246.29129028320312,20.609207153320312,381.6033630371094
2023-02-22,146.64842224121094,95.79000091552734,63.667781829833984,169.66000366210938,127.8226089477539,245.1605682373047,20.707988739013672,381.0775146484375
2023-02-23,147.13096618652344,95.81999969482422,63.89748001098633,169.57000732421875,128.84657287597656,248.3382568359375,23.611534118652344,383.1046142578125
2023-02-24,144.48182678222656,93.5,63.544124603271484,168.35000610351562,130.0089111328125,242.92837524414062,23.234375,379.0121765136719
2023-02-27,145.6734619140625,93.76000213623047,63.65012741088867,169.00999450683594,131.1436309814453,243.84466552734375,23.448894500732422,380.3030700683594
2023-02-28,145.17117309570312,94.2300033569336,63.667781829833984,169.77999877929688,132.24139404296875,243.12332153320312,23.164527893066406,378.8974914550781
2023-03-01,143.1031036376953,92.16999816894531,63.290618896484375,170.75999450683594,131.5033721923828,240.05282592773438,22.647674560546875,377.44403076171875
2023-03-02,143.6939697265625,92.12999725341797,63.157772064208984,170.66000366210938,130.1381072998047,244.7706298828125,23.262311935424805,380.3794860839844
2023-03-03,148.73619079589844,94.9000015258789,63.64476776123047,172.49000549316406,132.52735900878906,248.84510803222656,23.837032318115234,386.4799499511719
2023-03-06,151.49371337890625,93.75,63.4942512512207,171.6199951171875,131.75247192382812,250.3852081298828,23.50178337097168,386.7477722167969
2023-03-07,149.297607421875,93.55000305175781,63.42342758178711,168.6199951171875,127.87796020507812,247.73388671875,23.24031639099121,380.8193359375
2023-03-08,150.54827880859375,93.91999816894531,63.37030029296875,168.5399932861328,127.12149810791016,247.29525756835938,24.131484985351562,381.4408874511719
2023-03-09,148.3029022216797,92.25,63.582786560058594,170.1999969482422,120.23957824707031,245.95008850097656,23.38801383972168,374.4033508300781
2023-03-10,146.24462890625,90.7300033569336,64.34424591064453,173.8699951171875,123.29307556152344,242.31427001953125,22.91797637939453,369.00091552734375
2023-03-13,148.18472290039062,92.43000030517578,64.85779571533203,177.86000061035156,121.0790786743164,247.50973510742188,22.91897201538086,368.47503662109375
2023-03-14,150.2725372314453,94.87999725341797,64.45050811767578,176.8300018310547,124.18794250488281,254.20628356933594,24.013729095458984,374.56591796875
2023-03-15,150.6664581298828,96.19999694824219,65.11457824707031,178.2100067138672,118.32076263427734,258.7388916015625,24.17839241027832,372.2232666015625
2023-03-16,153.4829864501953,100.04000091552734,64.80469512939453,178.57000732421875,120.61782836914062,269.2272644042969,25.488706588745117,378.7539978027344
2023-03-17,152.6459503173828,98.94999694824219,65.27397155761719,183.77000427246094,116.06063079833984,272.3757019042969,25.672327041625977,374.3253173828125
2023-03-20,155.00946044921875,97.70999908447266,64.99063110351562,183.83999633789062,117.28756713867188,265.35748291015625,25.846965789794922,377.9246520996094
2023-03-21,156.8609161376953,100.61000061035156,64.81356811523438,180.3699951171875,120.43331909179688,266.86834716796875,26.145355224609375,382.88702392578125
2023-03-22,155.43295288085938,98.69999694824219,65.38907623291016,183.44000244140625,117.32447052001953,265.416015625,26.413803100585938,376.36016845703125
2023-03-23,156.5162353515625,98.70999908447266,65.53960418701172,185.74000549316406,117.01081085205078,270.650390625,27.135326385498047,377.3776550292969
2023-03-24,157.816162109375,98.12999725341797,65.67240905761719,183.64999389648438,115.23037719726562,273.4869384765625,26.724166870117188,379.85400390625
2023-03-27,155.87611389160156,98.04000091552734,64.99063110351562,181.9499969482422,118.53295135498047,269.4027099609375,26.476673126220703,380.5642395019531
2023-03-28,155.2556610107422,97.23999786376953,64.87554168701172,183.44000244140625,118.89273071289062,268.28179931640625,26.35592269897461,379.7099914550781
2023-03-29,158.3283233642578,100.25,64.94633483886719,182.52999877929688,119.132568359375,273.4284362792969,26.92875099182129,385.2290344238281
2023-03-30,159.89413452148438,102.0,65.03488159179688,184.17999267578125,118.77278900146484,276.8790588378906,27.326929092407227,387.4846496582031
2023-03-31,162.39556884765625,103.29000091552734,65.3713607788086,183.22000122070312,120.21192169189453,281.021728515625,27.720123291015625,392.9461364746094
2023-04-03,163.64627075195312,102.41000366210938,65.64920043945312,184.5399932861328,120.07352447509766,279.978759765625,27.907739639282227,394.4434509277344
2023-04-04,163.11448669433594,103.94999694824219,65.91548919677734,187.97999572753906,118.4683837890625,279.9300842285156,27.396785736083984,392.25506591796875
2023-04-05,161.27288818359375,101.0999984741211,66.09300231933594,187.8300018310547,118.64501953125,277.1617126464844,26.825958251953125,391.2280578613281
2023-04-06,162.15921020507812,102.05999755859375,66.07526397705078,186.49000549316406,118.51486206054688,284.2384338378906,26.981639862060547,392.7541809082031
2023-04-10,159.5691680908203,102.16999816894531,65.63143157958984,185.11000061035156,118.90534210205078,282.084228515625,27.52252769470215,393.15728759765625
2023-04-11,158.35781860351562,99.91999816894531,65.6580581665039,186.27999877929688,119.49110412597656,275.6898193359375,27.113370895385742,393.2629089355469
2023-04-12,157.6685028076172,97.83000183105469,65.72904968261719,187.19000244140625,119.47249603271484,276.3331604003906,26.440750122070312,391.659912109375
2023-04-13,163.0455322265625,102.4000015258789,65.69357299804688,189.72000122070312,119.92808532714844,282.52288818359375,26.408809661865234,396.86224365234375
2023-04-14,162.7008514404297,102.51000213623047,65.40067291259766,186.36000061035156,128.98382568359375,278.9163513183594,26.703210830688477,395.892822265625
2023-04-17,162.72059631347656,102.73999786376953,65.04557800292969,185.52999877929688,130.0065460205078,281.50909423828125,26.946712493896484,397.3133544921875
2023-04-18,163.9417266845703,102.30000305175781,65.14323425292969,186.25,131.46621704101562,281.0899658203125,27.610347747802734,397.572509765625
2023-04-19,165.0841522216797,104.30000305175781,65.05443572998047,185.36000061035156,131.29888916015625,281.1679992675781,27.873809814453125,397.5052795410156
2023-04-20,164.11900329589844,103.80999755859375,65.33851623535156,186.08999633789062,130.9176788330078,278.8870544433594,27.04850196838379,395.33612060546875
2023-04-21,162.5137481689453,106.95999908447266,65.22315979003906,184.25,130.6666717529297,278.5458984375,27.0634708404541,395.6432800292969
2023-04-24,162.81903076171875,106.20999908447266,65.48056030273438,184.80999755859375,130.8433074951172,274.65667724609375,26.98662757873535,396.0559387207031
2023-04-25,161.28273010253906,102.56999969482422,65.90660095214844,185.75,127.99828338623047,268.4668884277344,26.187267303466797,389.76904296875
2023-04-26,161.27288818359375,104.9800033569336,65.67583465576172,184.74000549316406,125.72969055175781,287.913330078125,26.90080451965332,388.11810302734375
2023-04-27,165.8522491455078,109.81999969482422,65.39179992675781,184.75,127.42183685302734,297.134521484375,27.170249938964844,395.8447570800781
2023-04-28,167.1029815673828,105.44999694824219,65.7557144165039,184.8000030517578,128.52822875976562,299.503173828125,27.692182540893555,399.2234191894531
2023-05-01,167.0143280029297,102.05000305175781,65.07947540283203,183.97000122070312,131.28028869628906,297.8459777832031,28.85080337524414,398.8202819824219
2023-05-02,165.98028564453125,103.62999725341797,65.7201156616211,187.52000427246094,129.16046142578125,297.6998291015625,28.152238845825195,394.3378601074219
2023-05-03,164.9068603515625,103.6500015258789,65.9959716796875,189.11000061035156,126.42701721191406,296.71539306640625,27.745073318481445,391.6311340332031
2023-05-04,163.27206420898438,104.0,65.90696716308594,190.44000244140625,124.69766998291016,297.6998291015625,27.505565643310547,388.85723876953125
2023-05-05,170.93389892578125,105.66000366210938,65.6667251586914,187.4600067138672,127.1336441040039,302.80755615234375,28.621274948120117,396.0559387207031
2023-05-08,170.86495971679688,105.83000183105469,65.35529327392578,187.69000244140625,127.4404296875,300.8580017089844,29.091310501098633,396.1615295410156
2023-05-09,169.1612091064453,106.62000274658203,65.28413391113281,189.02000427246094,126.82682037353516,299.24969482421875,28.512500762939453,394.4241943359375
2023-05-10,170.92405700683594,110.19000244140625,65.68451690673828,188.75,126.891845703125,304.4255676269531,28.82585906982422,396.26708984375
2023-05-11,171.1111297607422,112.18000030517578,65.8980712890625,187.1300048828125,126.4920883178711,302.28118896484375,28.51948356628418,395.5760498046875
2023-05-12,170.18414306640625,110.26000213623047,65.55105590820312,186.80999755859375,124.67908477783203,301.1699523925781,28.281970977783203,395.0577697753906
2023-05-15,169.69107055664062,111.19999694824219,65.38202667236328,187.2100067138672,125.72969055175781,301.6475830078125,28.89371681213379,396.4206848144531
2023-05-16,169.69107055664062,113.4000015258789,65.2218246459961,184.8699951171875,124.88362884521484,303.87005615234375,29.153181076049805,393.7716064453125
2023-05-17,170.30250549316406,115.5,65.10614013671875,184.22999572753906,128.72349548339844,306.7420959472656,30.116209030151367,398.5515441894531
2023-05-18,172.62985229492188,118.1500015258789,64.8392105102539,181.83999633789062,129.69972229003906,311.1576232910156,31.613134384155273,402.3908996582031
2023-05-19,172.7383270263672,116.25,64.6612319946289,183.63999938964844,129.40220642089844,310.9817199707031,31.19998550415039,401.8053283691406
2023-05-22,171.79161071777344,115.01000213623047,64.64346313476562,183.2100067138672,128.33299255371094,313.7561340332031,31.112167358398438,401.96856689453125
2023-05-23,169.1881103515625,114.98999786376953,64.68791961669922,183.42999267578125,126.99414825439453,307.9729919433594,30.625167846679688,397.45733642578125
2023-05-24,169.46421813964844,116.75,64.51000213623047,181.9499969482422,125.83197784423828,306.59552001953125,30.47547149658203,394.57781982421875
2023-05-25,170.59837341308594,115.0,64.26973724365234,180.1999969482422,126.13876342773438,318.3866271972656,37.90224075317383,397.99481201171875
2023-05-26,173.0045928955078,120.11000061035156,64.3498306274414,180.9199981689453,127.31957244873047,325.1954345703125,38.86625289916992,403.1491394042969
2023-05-30,174.84878540039062,121.66000366210938,64.77693176269531,182.0399932861328,127.80303955078125,323.5542907714844,40.028873443603516,403.302734375
2023-05-31,174.79945373535156,120.58000183105469,64.99047088623047,182.32000732421875,126.17597198486328,320.7994384765625,37.756534576416016,401.0663146972656
2023-06-01,177.60015869140625,122.7699966430664,65.16622161865234,183.75999450683594,127.91459655761719,324.892578125,39.68856430053711,404.8768005371094
2023-06-02,178.44830322265625,124.25,64.80046844482422,181.0500030517578,130.60159301757812,327.6474609375,39.2464714050293,410.7318115234375
2023-06-05,177.09722900390625,125.30000305175781,64.80938720703125,182.13999938964844,129.31854248046875,328.1749572753906,39.090789794921875,409.9447021484375
2023-06-06,176.7323760986328,126.61000061035156,64.89860534667969,182.33999633789062,129.55096435546875,325.96722412109375,38.574851989746094,410.8373718261719
2023-06-07,175.361572265625,121.2300033569336,64.53282928466797,180.14999389648438,130.80613708496094,315.9052734375,37.402137756347656,409.4168701171875
2023-06-08,178.07354736328125,124.25,64.85396575927734,182.52999877929688,130.8433074951172,317.7417907714844,38.435123443603516,411.8932189941406
2023-06-09,178.45816040039062,123.43000030517578,64.72018432617188,182.0399932861328,131.10362243652344,319.2364196777344,38.694618225097656,412.63232421875
2023-06-12,181.2490234375,126.56999969482422,64.85396575927734,181.8800048828125,131.09432983398438,324.1794738769531,39.40522766113281,416.3756408691406
2023-06-13,180.77569580078125,126.66000366210938,64.56851959228516,180.5399932861328,132.0426788330078,326.5631103515625,40.942237854003906,419.12078857421875
2023-06-14,181.40679931640625,126.41999816894531,64.62205505371094,180.63999938964844,131.5499267578125,329.5425720214844,42.91341018676758,419.61993408203125
2023-06-15,183.4383544921875,127.11000061035156,65.02348327636719,181.91000366210938,133.0375213623047,340.05389404296875,42.570072174072266,424.8221740722656
2023-06-16,182.36341857910156,125.48999786376953,64.88077545166016,181.6300048828125,133.19557189941406,334.4172058105469,42.60899353027344,423.3751220703125
2023-06-20,182.45216369628906,125.77999877929688,64.96995544433594,179.75,132.516845703125,330.2361755371094,43.72282409667969,421.1786193847656
2023-06-21,181.41665649414062,124.83000183105469,65.07701110839844,179.49000549316406,132.3216094970703,325.8499450683594,42.9613151550293,419.02056884765625
2023-06-22,184.41465759277344,130.14999389648438,64.76478576660156,177.7100067138672,129.7741241455078,331.8577880859375,42.94134521484375,420.5331726074219
2023-06-23,184.0990753173828,129.3300018310547,64.95210266113281,178.1999969482422,129.09539794921875,327.2762145996094,42.12693786621094,417.3538818359375
2023-06-26,182.70858764648438,127.33000183105469,65.03240966796875,178.50999450683594,129.41148376464844,321.0046691894531,40.55300521850586,415.648681640625
2023-06-27,185.45997619628906,129.17999267578125,64.90752410888672,177.69000244140625,129.42083740234375,326.8366394042969,41.79458236694336,420.2055358886719
2023-06-28,186.63352966308594,129.0399932861328,65.1126937866211,177.27999877929688,128.85365295410156,328.0870361328125,41.03705596923828,420.4175109863281
2023-06-29,186.9688262939453,127.9000015258789,64.62205505371094,177.08999633789062,133.3535919189453,327.3055114746094,40.74263000488281,422.0745544433594
2023-06-30,191.2882843017578,130.36000061035156,64.84510040283203,178.27000427246094,135.222412109375,332.66864013671875,42.21975326538086,427.0553283691406
2023-07-03,189.7991943359375,130.22000122070312,64.66084289550781,178.47000122070312,136.31021118164062,330.1775207519531,42.33052444458008,427.5466613769531
2023-07-05,188.68478393554688,130.3800048828125,64.39253234863281,177.83999633789062,135.40216064453125,330.33380126953125,42.23472213745117,426.91082763671875
2023-07-06,189.1581573486328,128.36000061035156,63.981143951416016,177.30999755859375,134.06349182128906,333.3817138671875,42.021141052246094,423.5678405761719
2023-07-07,188.0437774658203,129.77999877929688,63.94538497924805,178.63999938964844,135.12135314941406,329.42529296875,42.42036056518555,422.4984130859375
2023-07-10,186.0023956298828,127.12999725341797,64.16893768310547,178.77999877929688,135.87962341308594,324.159912109375,42.097984313964844,423.5678405761719
2023-07-11,185.479736328125,128.77999877929688,64.3031005859375,179.4499969482422,138.00462341308594,324.78515625,42.32254409790039,426.2653503417969
2023-07-12,187.14637756347656,130.8000030517578,64.81287384033203,181.8800048828125,138.68800354003906,329.4057922363281,43.81663513183594,429.69500732421875
2023-07-13,187.90570068359375,134.3000030517578,65.20639038085938,182.00999450683594,139.36199951171875,334.73956298828125,45.887603759765625,433.1054382324219
2023-07-14,188.0536346435547,134.67999267578125,64.90229034423828,181.42999267578125,140.2045135498047,337.2598876953125,45.380592346191406,432.8357238769531
2023-07-17,191.30801391601562,133.55999755859375,64.9738540649414,181.55999755859375,143.58396911621094,337.7386169433594,46.37066650390625,434.3386535644531
2023-07-18,191.05160522460938,132.8300018310547,65.05433654785156,183.63999938964844,143.84608459472656,351.1805419921875,47.401649475097656,437.56597900390625
2023-07-19,192.40267944335938,135.36000061035156,65.20639038085938,183.6699981689453,144.39837646484375,346.8725280761719,46.9854621887207,438.5390319824219
2023-07-20,190.4599151611328,129.9600067138672,64.90229034423828,182.74000549316406,146.1770477294922,338.852294921875,45.43149185180664,435.6296081542969
2023-07-21,189.28639221191406,130.0,64.94702911376953,182.17999267578125,145.0536651611328,335.8239440917969,44.22284698486328,435.6296081542969
2023-07-24,190.0851593017578,128.8000030517578,64.8397216796875,181.39999389648438,147.90890502929688,337.1329040527344,44.52526092529297,437.5755920410156
2023-07-25,190.943115234375,129.1300048828125,64.7681655883789,182.41000366210938,146.80426025390625,342.8672790527344,45.59018325805664,438.77032470703125
2023-07-26,191.81094360351562,128.14999389648438,64.9827880859375,183.3000030517578,147.68421936035156,329.9626159667969,45.363624572753906,438.8377380371094
2023-07-27,190.54861450195312,128.25,64.42829132080078,180.4199981689453,146.05532836914062,323.0755615234375,45.810760498046875,435.92822265625
2023-07-28,193.12258911132812,132.2100067138672,64.6518783569336,181.86000061035156,146.88851928710938,330.5487365722656,46.65910339355469,440.19610595703125
2023-07-31,193.73399353027344,133.67999267578125,64.7681655883789,182.35000610351562,147.87142944335938,328.1553955078125,46.63814163208008,441.0342712402344
2023-08-01,192.90560913085938,131.69000244140625,64.3673095703125,180.4600067138672,147.14125061035156,328.5657043457031,46.41657257080078,439.7721862792969
2023-08-02,189.91751098632812,128.2100067138672,64.16104888916016,179.60000610351562,145.47491455078125,319.9300231933594,44.18293380737305,433.65460205078125
2023-08-03,188.5270233154297,128.91000366210938,63.766510009765625,179.5399932861328,146.3642578125,319.10943603515625,44.42844772338867,432.41180419921875
2023-08-04,179.4739227294922,139.57000732421875,64.29558563232422,180.19000244140625,146.05532836914062,320.2035827636719,44.59312438964844,430.4560852050781
2023-08-07,176.37733459472656,142.22000122070312,64.19694519042969,179.77999877929688,146.7480926513672,322.479736328125,45.328697204589844,434.21337890625
2023-08-08,177.31419372558594,139.94000244140625,64.43008422851562,178.63999938964844,145.92428588867188,318.5135192871094,44.57716369628906,432.32513427734375
2023-08-09,175.72647094726562,137.85000610351562,64.44802856445312,177.7899932861328,143.9677734375,314.7818603515625,42.47126007080078,429.4349670410156
2023-08-10,175.5094757080078,138.55999755859375,64.0893325805664,177.60000610351562,143.75245666503906,315.46563720703125,42.30559158325195,429.5890808105469
2023-08-11,175.5687255859375,138.41000366210938,63.883087158203125,177.60000610351562,144.58563232421875,313.5900573730469,40.775569915771484,429.338623046875
2023-08-14,177.2178955078125,140.57000732421875,63.8023796081543,177.05999755859375,144.88519287109375,316.5500183105469,43.66791915893555,431.70849609375
2023-08-15,175.23300170898438,137.6699981689453,63.65891647338867,176.58999633789062,141.19683837890625,314.42034912109375,43.85457229614258,426.6795959472656
2023-08-16,174.364013671875,135.07000732421875,63.47954559326172,175.57000732421875,140.59768676757812,313.65679931640625,43.40144729614258,423.5485534667969
2023-08-17,171.8260955810547,133.97999572753906,63.41679382324219,175.3000030517578,139.13731384277344,310.2109069824219,43.25972366333008,420.3211975097656
2023-08-18,172.30999755859375,133.22000122070312,63.55129623413086,175.3300018310547,139.45562744140625,309.8193359375,43.21480941772461,420.52349853515625
2023-08-21,173.64312744140625,134.67999267578125,63.24641418457031,175.80999755859375,139.93304443359375,315.10565185546875,46.87567901611328,423.259521484375
2023-08-22,175.0157470703125,134.25,63.32710647583008,176.10000610351562,137.0310516357422,315.6734313964844,45.579200744628906,422.11309814453125
2023-08-23,178.8571319580078,135.52000427246094,63.901039123535156,177.88999938964844,137.95779418945312,320.117919921875,47.02439498901367,426.81451416015625
2023-08-24,174.1763916015625,131.83999633789062,63.748573303222656,177.85000610351562,137.82675170898438,313.23590087890625,47.0713005065918,420.8992614746094
2023-08-25,176.37850952148438,133.25999450683594,63.748573303222656,177.6199951171875,137.65826416015625,316.1824951171875,45.928524017333984,423.8664855957031
2023-08-28,177.9387664794922,133.13999938964844,63.86515808105469,178.1300048828125,138.13568115234375,316.8873596191406,46.74393844604492,426.554443359375
2023-08-29,181.8196563720703,134.91000366210938,64.25970458984375,179.8699951171875,139.259033203125,321.4982604980469,48.689144134521484,432.7201232910156
2023-08-30,185.30555725097656,135.07000732421875,64.23281860351562,180.32000732421875,138.69735717773438,321.8702087402344,49.168216705322266,434.5024108886719
2023-08-31,185.52281188964844,138.00999450683594,64.34041595458984,180.02000427246094,136.98423767089844,320.8619384765625,49.25904083251953,433.8666076660156
2023-09-01,187.09295654296875,138.1199951171875,64.0311050415039,180.11000061035156,137.4429473876953,321.742919921875,48.41468048095703,434.67578125
2023-09-05,187.32992553710938,137.27000427246094,63.680419921875,178.63999938964844,135.92640686035156,326.5299987792969,48.453609466552734,432.7972106933594
2023-09-06,180.6248016357422,135.36000061035156,63.60847854614258,177.8300018310547,135.7017364501953,325.8741760253906,46.97337341308594,429.8877258300781
2023-09-07,175.34161376953125,137.85000610351562,63.82429504394531,178.02000427246094,134.54092407226562,322.9666748046875,46.1548957824707,428.56787109375
2023-09-08,175.95387268066406,138.22999572753906,63.84226989746094,178.0800018310547,134.64390563964844,327.23492431640625,45.48714065551758,429.2132873535156
2023-09-11,177.119140625,143.10000610351562,63.74335861206055,178.41000366210938,135.23367309570312,330.8276672363281,45.093875885009766,432.0361328125
2023-09-12,174.0973663330078,141.22999572753906,63.788307189941406,177.49000549316406,136.9935760498047,324.7874450683594,44.78644943237305,429.6661376953125
2023-09-13,172.0334930419922,144.85000610351562,63.88722229003906,177.0800018310547,137.0591278076172,328.9872131347656,45.40030288696289,430.1671142578125
2023-09-14,173.54434204101562,144.72000122070312,63.77931213378906,177.1699981689453,139.71774291992188,331.57171630859375,45.49612808227539,433.8761901855469
2023-09-15,172.82345581054688,140.38999938964844,63.653438568115234,178.33999633789062,139.3058319091797,323.2701416015625,43.81825256347656,428.6487121582031
2023-09-18,175.74649047851562,139.97999572753906,63.716392517089844,179.38999938964844,139.59603881835938,322.13458251953125,43.884124755859375,428.90008544921875
2023-09-19,176.83274841308594,137.6300048828125,63.58148956298828,179.22000122070312,139.4181671142578,321.73321533203125,43.43896484375,428.0106201171875
2023-09-20,173.29750061035156,135.2899932861328,63.50057601928711,179.35000610351562,138.82839965820312,314.01898193359375,42.16034698486328,424.0758056640625
2023-09-21,171.7569580078125,129.3300018310547,63.10492706298828,178.0500030517578,137.7425079345703,312.80511474609375,40.940616607666016,417.0664978027344
2023-09-22,172.60621643066406,129.1199951171875,63.36570358276367,178.6199951171875,136.4225311279297,310.33819580078125,41.53252029418945,416.1286926269531
2023-09-25,173.88011169433594,131.27000427246094,62.89812469482422,177.6999969482422,137.0965576171875,310.8570556640625,42.14338302612305,417.8786315917969
2023-09-26,169.8115692138672,125.9800033569336,62.83516311645508,176.27999877929688,135.67364501953125,305.57061767578125,41.83296203613281,411.7394104003906
2023-09-27,168.30067443847656,125.9800033569336,62.61036682128906,174.10000610351562,136.46934509277344,306.20697021484375,42.388919830322266,411.9037780761719
2023-09-28,168.55746459960938,125.9800033569336,62.77224349975586,173.22999572753906,138.1637420654297,307.03912353515625,43.008766174316406,414.2917785644531
2023-09-29,169.0709686279297,127.12000274658203,62.7452278137207,171.4499969482422,135.75790405273438,309.1046447753906,43.41799545288086,413.2862854003906
2023-10-02,171.57920837402344,129.4600067138672,62.31426239013672,169.64999389648438,134.5876922607422,315.02734375,44.6986083984375,413.12200927734375
2023-10-03,170.24610900878906,124.72000122070312,61.80935287475586,169.16000366210938,133.59542846679688,306.79437255859375,43.43596649169922,407.5918273925781
2023-10-04,171.49037170410156,127.0,62.21508026123047,169.13999938964844,134.19454956054688,312.2471008300781,43.95899200439453,410.5599670410156
2023-10-05,172.72470092773438,125.95999908447266,62.26016616821289,168.8300018310547,134.76036071777344,312.638671875,44.60478591918945,410.4052734375
2023-10-06,175.27247619628906,127.95999908447266,62.016719818115234,169.6999969482422,136.8350830078125,320.37249755859375,45.676788330078125,415.2779235839844
2023-10-09,176.75375366210938,128.25999450683594,62.64789962768555,172.82000732421875,136.5238494873047,322.8785400390625,45.18869400024414,417.9366760253906
2023-10-10,176.16123962402344,129.47999572753906,62.584781646728516,172.52999877929688,137.35374450683594,321.4786682128906,45.71271896362305,420.1119079589844
2023-10-11,177.55364990234375,131.8300018310547,62.87331771850586,173.7899932861328,137.82525634765625,325.4238586425781,46.718841552734375,421.83282470703125
2023-10-12,178.4522705078125,132.3300018310547,62.33230209350586,173.25999450683594,137.50460815429688,324.19036865234375,46.857582092285156,419.2611083984375
2023-10-13,176.6155242919922,129.7899932861328,62.62083435058594,178.8300018310547,139.5698699951172,320.8325500488281,45.37635040283203,417.1728515625
2023-10-16,176.4871368408203,132.5500030517578,62.29622268676758,177.9600067138672,139.42845153808594,325.63916015625,46.0091667175293,421.5621032714844
2023-10-17,174.93675231933594,131.47000122070312,61.8904914855957,178.2899932861328,139.12667846679688,325.0714416503906,43.85618591308594,421.542724609375
2023-10-18,173.64312744140625,128.1300048828125,61.619972229003906,180.8699951171875,137.59893798828125,323.1624755859375,42.117427825927734,415.9256896972656
2023-10-19,173.2678680419922,128.39999389648438,61.349483489990234,183.08999633789062,137.01425170898438,324.3469543457031,42.02260971069336,412.27117919921875
2023-10-20,170.7200927734375,125.16999816894531,61.574886322021484,183.58999633789062,134.80752563476562,319.7948913574219,41.309932708740234,407.20513916015625
2023-10-23,170.8385772705078,126.55999755859375,61.80935287475586,182.97000122070312,132.96861267089844,322.3890686035156,42.89497375488281,406.4993591308594
2023-10-24,171.27308654785156,128.55999755859375,62.016719818115234,182.9499969482422,133.12892150878906,323.5735778808594,43.58169174194336,409.56414794921875
2023-10-25,168.96237182617188,121.38999938964844,61.5478401184082,183.72000122070312,132.40277099609375,333.5002136230469,41.70120620727539,403.68603515625
2023-10-26,164.80491638183594,119.56999969482422,61.96262741088867,184.00999450683594,132.74229431152344,320.98919677734375,40.25090789794922,398.85198974609375
2023-10-27,166.11830139160156,127.73999786376953,61.96262741088867,186.14999389648438,127.96105194091797,322.8687438964844,40.42458724975586,397.0440979003906
2023-10-30,168.16244506835938,132.7100067138672,61.80935287475586,185.10000610351562,129.59251403808594,330.2109069824219,41.084354400634766,401.7911071777344
2023-10-31,168.63645935058594,133.08999633789062,61.791297912597656,184.08999633789062,131.1391143798828,330.9941101074219,40.70406723022461,404.3144226074219
2023-11-01,171.79647827148438,137.0,62.39088821411133,183.50999450683594,131.0259552001953,338.78656005859375,42.246185302734375,408.6263732910156
2023-11-02,175.3514862060547,138.07000732421875,62.75263595581055,184.1199951171875,133.36468505859375,340.98919677734375,43.42498779296875,416.4573974609375
2023-11-03,174.4429931640625,138.60000610351562,63.1234130859375,184.7899932861328,134.85467529296875,345.37493896484375,44.921199798583984,420.2569274902344
2023-11-06,176.99075317382812,139.74000549316406,62.85207748413086,183.35000610351562,135.8731689453125,349.02642822265625,45.665802001953125,421.2237243652344
2023-11-07,179.5483856201172,142.7100067138672,63.16859817504883,182.58999633789062,135.80715942382812,352.9422607421875,45.86943054199219,422.4225769042969
2023-11-08,180.60504150390625,142.0800018310547,63.3675651550293,180.77000427246094,136.47671508789062,355.55609130859375,46.487274169921875,422.7319030761719
2023-11-09,180.1310272216797,140.60000610351562,62.89731979370117,181.49000549316406,136.07119750976562,353.098876953125,46.862571716308594,419.43505859375
2023-11-10,184.31369018554688,143.55999755859375,63.014892578125,179.50999450683594,138.08932495117188,361.889892578125,48.244998931884766,425.9803161621094
2023-11-13,182.7315673828125,142.58999633789062,62.9968147277832,180.50999450683594,137.476318359375,358.9627990722656,48.52946090698242,425.57427978515625
2023-11-14,185.342041015625,145.8000030517578,63.7655029296875,182.1199951171875,139.98484802246094,362.4771728515625,49.56352996826172,433.83074951171875
2023-11-15,185.9056396484375,143.1999969482422,63.41278839111328,181.63999938964844,141.21080017089844,362.6243896484375,48.796974182128906,434.7492370605469
2023-11-16,187.58665466308594,142.8300018310547,63.79261016845703,183.69000244140625,142.82337951660156,369.00048828125,49.38786697387695,435.281005859375
2023-11-17,187.56686401367188,145.17999267578125,63.883056640625,183.6699981689453,144.11537170410156,362.8009338378906,49.20621109008789,435.8223571777344
2023-11-20,189.30712890625,146.1300048828125,63.97349548339844,183.3699951171875,144.55856323242188,370.24627685546875,50.31513214111328,439.1771240234375
2023-11-21,188.5062255859375,143.89999389648438,64.06391143798828,185.35000610351562,144.2567901611328,365.9595642089844,49.85099792480469,438.2200012207031
2023-11-22,189.16873168945312,146.7100067138672,64.1181869506836,184.55999755859375,144.59632873535156,370.6484680175781,48.62528610229492,439.91192626953125
2023-11-24,187.8437042236328,146.74000549316406,63.810699462890625,185.52000427246094,144.7943115234375,370.2364807128906,47.68703842163086,440.1825866699219
2023-11-27,187.66574096679688,147.72999572753906,64.19957733154297,186.77000427246094,144.46426391601562,371.39398193359375,48.15216827392578,439.38983154296875
2023-11-28,188.26889038085938,147.02999877929688,64.47087097167969,189.25999450683594,144.7943115234375,375.40606689453125,47.73195266723633,439.8248596191406
2023-11-29,187.25042724609375,146.32000732421875,64.80548095703125,189.5399932861328,145.52992248535156,371.62945556640625,48.050357818603516,439.5154724121094
2023-11-30,187.82394409179688,146.08999633789062,64.59748840332031,188.75,147.18966674804688,371.6882629394531,46.68290710449219,441.2460632324219
2023-12-01,189.0994873046875,147.02999877929688,65.1244125366211,192.00999450683594,147.90634155273438,367.37213134765625,46.677921295166016,443.8564758300781
2023-12-04,187.30975341796875,144.83999633789062,64.86138153076172,187.86000061035156,148.9908447265625,362.1045227050781,45.425254821777344,441.5264892578125
2023-12-05,191.255126953125,146.8800048828125,65.278564453125,187.14999389648438,148.97198486328125,365.4200744628906,46.48337936401367,441.4394836425781
2023-12-06,190.1674346923828,144.52000427246094,65.46902465820312,187.83999633789062,147.4065399169922,361.7709045410156,45.422264099121094,439.6604919433594
2023-12-07,192.09561157226562,146.8800048828125,65.45088195800781,188.14999389648438,147.85919189453125,363.8799743652344,46.51332092285156,443.01531982421875
2023-12-08,193.5194854736328,147.4199981689453,65.13346862792969,185.63999938964844,149.49069213867188,367.09747314453125,47.421714782714844,444.9199523925781
2023-12-11,191.017822265625,145.88999938964844,65.14253997802734,183.58999633789062,150.0376434326172,364.2232666015625,46.544273376464844,446.6504821777344
2023-12-12,192.53067016601562,147.47999572753906,65.33299255371094,183.49000549316406,151.3767547607422,367.2446594238281,47.572444915771484,448.6903991699219
2023-12-13,195.7443084716797,148.83999633789062,66.16731262207031,187.6300048828125,151.88595581054688,367.23480224609375,48.00267791748047,454.8779296875
2023-12-14,195.89260864257812,147.4199981689453,66.66609954833984,188.72999572753906,154.64910888671875,358.9556579589844,48.26420211791992,456.3377990722656
2023-12-15,195.35865783691406,149.97000122070312,66.56636810302734,187.0,155.81845092773438,363.6641540527344,48.80325698852539,455.58642578125
2023-12-18,193.69744873046875,154.07000732421875,66.43034362792969,187.85000610351562,156.76150512695312,365.54754638671875,49.9881477355957,458.1491394042969
2023-12-19,194.7357177734375,153.7899932861328,66.55729675292969,189.1300048828125,158.85504150390625,366.1459655761719,49.5159797668457,460.9350891113281
2023-12-20,192.6493377685547,152.1199951171875,66.77495574951172,188.10000610351562,157.06329345703125,363.5562744140625,48.025630950927734,454.5478210449219
2023-12-21,192.50096130371094,153.83999633789062,66.7658920288086,189.42999267578125,157.95916748046875,366.4206237792969,48.903079986572266,458.85772705078125
2023-12-22,191.43310546875,153.4199981689453,66.7213134765625,190.27000427246094,157.86485290527344,367.4407653808594,48.74335861206055,459.7799377441406
2023-12-26,190.88926696777344,153.41000366210938,66.78495788574219,191.72000122070312,158.79847717285156,367.5193176269531,49.191558837890625,461.7213439941406
2023-12-27,190.9881134033203,153.33999633789062,67.21245574951172,192.58999633789062,159.7509307861328,366.9405822753906,49.32931900024414,462.5561828613281
2023-12-28,191.41331481933594,153.3800048828125,67.04875946044922,191.47000122070312,160.5996856689453,368.1274108886719,49.43413162231445,462.73089599609375
2023-12-29,190.3750457763672,151.94000244140625,66.89411926269531,191.1699981689453,160.41107177734375,368.8729553222656,49.43413162231445,461.3913269042969
2024-01-02,183.56219482421875,149.92999267578125,66.61217498779297,190.72000122070312,162.2782745361328,363.80145263671875,48.08253479003906,458.8091735839844
2024-01-03,182.187744140625,148.47000122070312,66.666748046875,189.1300048828125,161.57101440429688,363.5366516113281,47.48459243774414,455.062255859375
2024-01-04,179.8739471435547,144.57000732421875,66.36661529541016,189.32000732421875,162.6432342529297,360.92730712890625,47.912841796875,453.59649658203125
2024-01-05,179.15208435058594,145.24000549316406,66.16651153564453,189.35000610351562,163.459228515625,360.740966796875,49.00988006591797,454.21771240234375
2024-01-08,183.48309326171875,149.10000610351562,66.45755767822266,187.8699951171875,163.22201538085938,367.5487060546875,52.1602783203125,460.7021179199219
2024-01-09,183.06777954101562,151.3699951171875,66.44844055175781,187.92999267578125,161.93157958984375,368.6277770996094,53.04570770263672,460.00323486328125
2024-01-10,184.10604858398438,153.72999572753906,66.33025360107422,187.5,162.2731475830078,375.47467041015625,54.253562927246094,462.6047058105469
2024-01-11,183.5127410888672,155.17999267578125,66.67584991455078,187.8699951171875,161.58999633789062,377.2992248535156,54.72472381591797,462.40087890625
2024-01-12,183.83905029296875,154.6199951171875,66.8122787475586,189.7100067138672,160.4039306640625,381.0660705566406,54.61292266845703,462.72119140625
2024-01-16,181.57467651367188,153.16000366210938,66.33932495117188,187.91000366210938,159.3981475830078,382.831787109375,56.28195571899414,461.02239990234375
2024-01-17,180.63531494140625,151.7100067138672,66.18472290039062,185.83999633789062,158.54417419433594,382.0469665527344,55.953548431396484,458.45977783203125
2024-01-18,186.51869201660156,153.5,66.09375,187.3699951171875,158.8572540283203,386.3631286621094,57.005672454833984,462.5367736816406
2024-01-19,189.41590881347656,155.33999633789062,66.09375,187.92999267578125,161.59947204589844,391.0717468261719,59.38544845581055,468.3028259277344
2024-01-22,191.71983337402344,154.77999877929688,66.2029037475586,187.22000122070312,161.4097137451172,388.9528503417969,59.54815673828125,469.2929992675781
2024-01-23,192.99542236328125,156.02000427246094,66.04830169677734,187.9499969482422,160.34701538085938,391.2972412109375,59.76676559448242,470.6616516113281
2024-01-24,192.32302856445312,156.8699951171875,65.911865234375,186.39999389648438,161.7797393798828,394.88751220703125,61.25312423706055,471.1761779785156
2024-01-25,191.99671936035156,157.75,66.22107696533203,187.13999938964844,164.09500122070312,397.15350341796875,61.50767517089844,473.73876953125
2024-01-26,190.26629638671875,159.1199951171875,66.12104034423828,187.00999450683594,163.4687042236328,396.2314147949219,60.922706604003906,473.1369934082031
2024-01-29,189.583984375,161.25999450683594,66.38477325439453,188.3300018310547,163.8957061767578,401.9110412597656,62.354164123535156,476.8839111328125
2024-01-30,185.93531799316406,159.0,66.50303649902344,188.58999633789062,167.25466918945312,400.8025207519531,62.662620544433594,476.5151062011719
2024-01-31,182.3360595703125,155.1999969482422,66.78495788574219,188.4499969482422,165.44236755371094,390.00244140625,61.4178352355957,468.7396545410156
2024-02-01,184.76853942871094,159.27999877929688,67.18815612792969,190.41000366210938,164.84454345703125,396.0842590332031,62.91516876220703,474.8746337890625
2024-02-02,183.76983642578125,171.80999755859375,66.58613586425781,188.61000061035156,165.79339599609375,403.3824768066406,66.04261779785156,479.873779296875
2024-02-05,185.57933044433594,170.30999755859375,66.05711364746094,187.57000732421875,165.5751953125,397.91864013671875,69.20897674560547,478.1264343261719
2024-02-06,187.18124389648438,169.14999389648438,66.36723327636719,188.5500030517578,166.14450073242188,397.7616271972656,68.1019515991211,479.5146179199219
2024-02-07,187.2899932861328,170.52999877929688,66.23954772949219,188.5,166.45761108398438,406.15850830078125,69.97462463378906,483.5139465332031
2024-02-08,186.21221923828125,169.83999633789062,66.06621551513672,188.3300018310547,165.85984802246094,406.2173767089844,69.5174331665039,483.7275085449219
2024-02-09,186.9745330810547,174.4499969482422,66.0114974975586,187.60000610351562,166.05908203125,412.53460693359375,72.00502014160156,486.523193359375
2024-02-12,185.2914276123047,172.33999633789062,66.02972412109375,187.11000061035156,166.7991943359375,407.345458984375,72.11981201171875,486.3096008300781
2024-02-13,183.20237731933594,168.63999938964844,65.45508575439453,184.52999877929688,165.3474578857422,398.5758056640625,72.0000228881836,479.6116943359375
2024-02-14,182.32119750976562,170.97999572753906,65.70135498046875,184.4199981689453,167.0269317626953,402.42822265625,73.76888275146484,483.97021484375
2024-02-15,182.0341033935547,169.8000030517578,65.88379669189453,185.66000366210938,170.6705322265625,399.5487365722656,72.5290756225586,487.3094787597656
2024-02-16,180.49948120117188,169.50999450683594,65.67400360107422,186.33999633789062,169.8734893798828,397.0918884277344,72.4841537475586,484.8826599121094
2024-02-20,179.75692749023438,167.0800018310547,65.75611114501953,187.47000122070312,170.5376739501953,395.84381103515625,69.32877349853516,482.21319580078125
2024-02-21,180.5093994140625,168.58999633789062,65.57366180419922,187.47999572753906,171.6478729248047,395.2442932128906,67.352294921875,482.6500549316406
2024-02-22,182.5390167236328,174.5800018310547,65.60100555419922,187.55999755859375,173.70689392089844,404.551025390625,78.39865112304688,492.6387023925781
2024-02-23,180.70742797851562,174.99000549316406,65.83819580078125,188.6199951171875,174.57981872558594,403.26361083984375,78.6771469116211,492.9784240722656
2024-02-26,179.3609161376953,174.72999572753906,65.71959686279297,188.1999969482422,173.9820098876953,400.5119323730469,78.95166778564453,491.17291259765625
2024-02-27,180.8163299560547,173.5399932861328,65.6192626953125,188.0,174.0674285888672,400.45294189453125,78.56135559082031,492.0853576660156
2024-02-28,179.61831665039062,173.16000366210938,65.76522827148438,188.33999633789062,174.94989013671875,400.6887512207031,77.52519226074219,491.43499755859375
2024-02-29,178.95497131347656,176.75999450683594,65.87464904785156,189.30999755859375,176.54393005371094,406.5067443847656,78.97162628173828,493.20166015625
2024-03-01,177.87582397460938,178.22000122070312,66.15090942382812,192.88999938964844,175.8133087158203,408.3345947265625,82.13301849365234,497.83197021484375
2024-03-04,173.36109924316406,177.5800018310547,65.99541473388672,196.00999450683594,177.13221740722656,407.7646484375,85.08576202392578,497.298095703125
2024-03-05,168.43055725097656,174.1199951171875,66.3521499633789,197.19000244140625,178.9065704345703,395.7062072753906,85.81549835205078,492.3280334472656
2024-03-06,167.44046020507812,173.50999450683594,66.4710464477539,198.80999755859375,179.8364715576172,395.1558837890625,88.5467758178711,494.8227844238281
2024-03-07,167.32167053222656,176.82000732421875,66.58082580566406,199.94000244140625,178.26133728027344,402.08428955078125,92.5089111328125,499.734619140625
2024-03-08,169.0344696044922,175.35000610351562,66.64485931396484,201.6300048828125,178.5934600830078,399.21466064453125,87.37679290771484,496.7351379394531
2024-03-11,171.03443908691406,171.9600067138672,66.61739349365234,202.0,178.65988159179688,397.5439453125,85.6258316040039,496.3080139160156
2024-03-12,171.50965881347656,175.38999938964844,66.41617584228516,199.7899932861328,180.13059997558594,408.118408203125,91.75422668457031,501.6469421386719
2024-03-13,169.4305419921875,176.55999755859375,66.306396484375,201.19000244140625,181.59185791015625,407.9414978027344,90.73098754882812,500.86065673828125
2024-03-14,171.28195190429688,178.75,65.91305541992188,200.35000610351562,178.3562469482422,417.8870544433594,87.79207611083984,499.87054443359375
2024-03-15,170.90570068359375,174.4199981689453,65.8764877319336,199.7100067138672,180.56707763671875,409.23876953125,87.68525695800781,496.4381103515625
2024-03-18,171.99481201171875,174.47999572753906,65.79417419433594,200.02999877929688,182.80638122558594,410.12322998046875,88.30219268798828,499.38848876953125
2024-03-19,174.3313446044922,175.89999389648438,65.96796417236328,199.8000030517578,183.87860107421875,414.1427307128906,89.24356842041016,502.1637268066406
2024-03-20,176.89564514160156,178.14999389648438,66.08687591552734,202.17999267578125,186.2886962890625,417.8968200683594,90.21588897705078,506.8083190917969
2024-03-21,169.66815185546875,178.14999389648438,66.14175415039062,201.97000122070312,188.8790283203125,421.96539306640625,91.27703857421875,508.4831848144531
2024-03-22,170.56910705566406,178.8699951171875,66.36128997802734,200.35000610351562,186.56382751464844,421.3463134765625,94.12611389160156,507.51922607421875
2024-03-25,169.15333557128906,179.7100067138672,66.23324584960938,200.99000549316406,184.8559112548828,415.56768798828125,94.83788299560547,506.1170654296875
2024-03-26,168.02459716796875,178.3000030517578,66.28811645507812,201.63999938964844,185.71937561035156,414.37860107421875,92.4011001586914,505.1822509765625
2024-03-27,171.58885192871094,179.8300018310547,66.51677703857422,203.10000610351562,189.31553649902344,414.162353515625,90.09408569335938,509.4277648925781
2024-03-28,169.77706909179688,180.3800048828125,66.43445587158203,205.72000122070312,190.05564880371094,413.464599609375,90.19991302490234,509.3303527832031
2024-04-01,168.34144592285156,180.97000122070312,65.98126983642578,207.82000732421875,188.76516723632812,417.24822998046875,90.20690155029297,508.4442138671875
2024-04-02,167.1632537841797,180.69000244140625,65.90786743164062,210.88999938964844,188.6892852783203,414.1721496582031,89.29747009277344,505.2115173339844
2024-04-03,167.96522521972656,182.41000366210938,65.95372772216797,212.74000549316406,188.1579132080078,413.1992492675781,88.8103256225586,505.7664794921875
2024-04-04,167.14346313476562,180.0,66.09134674072266,211.52000427246094,186.72634887695312,410.673583984375,85.75659942626953,499.5930480957031
2024-04-05,167.8959197998047,185.07000732421875,65.76107788085938,215.13999938964844,188.44424438476562,418.18182373046875,87.85596466064453,504.8122253417969
2024-04-08,166.77716064453125,185.19000244140625,65.70603942871094,216.47999572753906,189.42727661132812,417.2678527832031,86.98247528076172,505.0946350097656
2024-04-09,167.9849853515625,185.6699981689453,65.94454193115234,217.6699981689453,188.15794372558594,418.9287109375,85.20653533935547,505.6788330078125
2024-04-10,166.11378479003906,185.9499969482422,65.17391967773438,215.61000061035156,186.55455017089844,415.9608154296875,86.88864135742188,500.61541748046875
2024-04-11,173.30166625976562,189.0500030517578,65.17391967773438,219.8000030517578,186.51637268066406,420.55023193359375,90.45945739746094,504.39349365234375
2024-04-12,174.79669189453125,186.1300048828125,65.32071685791016,216.88999938964844,174.452880859375,414.62420654296875,88.03366088867188,497.4313659667969
2024-04-15,170.9750213623047,183.6199951171875,64.8895263671875,220.9499969482422,174.5482940673828,406.5067443847656,85.8524169921875,491.199462890625
2024-04-16,167.69789123535156,183.32000732421875,64.72438049316406,221.22000122070312,172.55364990234375,407.4305114746094,87.26399230957031,490.3036193847656
2024-04-17,166.33160400390625,181.27999877929688,65.03630828857422,219.58999633789062,171.8665008544922,404.73773193359375,83.88983154296875,487.40185546875
2024-04-18,165.381103515625,179.22000122070312,64.86197662353516,220.33999633789062,172.9831085205078,397.29827880859375,84.52472686767578,486.39898681640625
2024-04-19,163.36138916015625,174.6300048828125,64.94457244873047,221.02999877929688,177.32559204101562,392.237060546875,76.06837463378906,482.1534423828125
2024-04-22,164.1930389404297,177.22999572753906,64.97207641601562,215.57000732421875,180.7709503173828,394.0453186035156,79.38063049316406,486.59368896484375
2024-04-23,165.24252319335938,179.5399932861328,65.09134674072266,215.0399932861328,183.37644958496094,400.5413818359375,82.2806167602539,492.367919921875
2024-04-24,167.34149169921875,176.58999633789062,64.92619323730469,214.63999938964844,184.27357482910156,402.0056457519531,79.53937530517578,492.1342468261719
2024-04-25,168.2028350830078,173.6699981689453,64.74273681640625,215.9199981689453,184.55032348632812,392.1584777832031,82.4892578125,490.2646484375
2024-04-26,167.6186981201172,179.6199951171875,64.8895263671875,216.6199951171875,184.66488647460938,399.31292724609375,87.58345031738281,494.909423828125
2024-04-29,171.77696228027344,180.9600067138672,65.08216857910156,216.17999267578125,184.46444702148438,395.3131103515625,87.60541534423828,496.6620788574219
2024-04-30,168.6384735107422,175.0,64.83448028564453,211.8699951171875,182.9946746826172,382.615966796875,86.25274658203125,488.7943115234375
2024-05-01,167.6186981201172,179.0,65.06819152832031,213.7899932861328,183.10922241210938,388.1291809082031,82.89753723144531,487.2071838378906
2024-05-02,171.3116455078125,184.72000122070312,65.32585906982422,213.1300048828125,182.91831970214844,390.97918701171875,85.66874694824219,491.76422119140625
2024-05-03,181.55886840820312,186.2100067138672,65.65715026855469,212.9600067138672,181.82077026367188,399.6470642089844,88.63561248779297,497.85986328125
2024-05-06,179.9054718017578,188.6999969482422,65.72154998779297,215.1999969482422,183.2427978515625,406.40838623046875,91.98082733154297,503.00103759765625
2024-05-07,180.5885772705078,188.75999450683594,65.85038757324219,214.2100067138672,183.00421142578125,402.28082275390625,90.39756774902344,503.5561218261719
2024-05-08,180.9252166748047,188.0,65.69393920898438,213.5800018310547,186.72634887695312,403.46014404296875,90.25580596923828,503.60479736328125
2024-05-09,182.737060546875,189.5,65.86880493164062,216.9499969482422,188.49195861816406,405.2095031738281,88.59368896484375,506.50653076171875
2024-05-10,181.47796630859375,187.47999572753906,65.68472290039062,218.7100067138672,189.7040252685547,407.5877380371094,89.72273254394531,507.158935546875
2024-05-13,184.6802215576172,186.57000732421875,65.73995971679688,216.25999450683594,189.6658477783203,406.5853271484375,90.24283599853516,507.2271423339844
2024-05-14,185.82032775878906,187.07000732421875,65.93318176269531,218.08999633789062,192.3190460205078,409.3763732910156,91.19818115234375,509.5542907714844
2024-05-15,188.09066772460938,185.99000549316406,66.35649108886719,220.88999938964844,192.89170837402344,416.5338134765625,94.46652221679688,515.8640747070312
2024-05-16,188.2096405029297,183.6300048828125,66.24606323242188,220.02999877929688,193.23526000976562,414.4761962890625,94.19599914550781,514.8026733398438
2024-05-17,188.2393798828125,184.6999969482422,66.0804443359375,223.66000366210938,195.449462890625,413.708251953125,92.3192367553711,515.5428466796875
2024-05-20,189.39932250976562,183.5399932861328,66.0160140991211,224.55999755859375,186.6595458984375,418.7588806152344,94.61626434326172,516.1367797851562
2024-05-21,190.69810485839844,183.14999389648438,66.1540756225586,224.22999572753906,190.4198455810547,422.4016418457031,95.22122192382812,517.402587890625
2024-05-22,189.26052856445312,183.1300048828125,66.07124328613281,220.11000061035156,189.26499938964844,423.8587341308594,94.78597259521484,515.912841796875
2024-05-23,185.2750701904297,181.0500030517578,65.87799072265625,215.72000122070312,187.93838500976562,420.3931884765625,103.61969757080078,512.14453125
2024-05-24,188.34844970703125,180.75,65.95159912109375,215.9199981689453,191.55555725097656,423.5043029785156,106.28507232666016,515.532958984375
2024-05-28,188.35836791992188,182.14999389648438,65.63873291015625,218.19000244140625,190.40072631835938,423.6618347167969,113.70423889160156,515.8933715820312
2024-05-29,188.65577697753906,182.02000427246094,65.39947509765625,216.16000366210938,189.07412719726562,422.5296325683594,114.62664031982422,512.28076171875
2024-05-30,189.64720153808594,179.32000732421875,65.68472290039062,216.57000732421875,190.23851013183594,408.2539978027344,110.30911254882812,508.8824462890625
2024-05-31,190.5989532470703,176.44000244140625,65.92401885986328,215.3000030517578,193.38796997070312,408.70684814453125,109.44361877441406,513.5174560546875
2024-06-03,192.3636474609375,178.33999633789062,66.29226684570312,217.22000122070312,192.6149139404297,407.1217346191406,114.80133056640625,513.9360961914062
2024-06-04,192.68092346191406,179.33999633789062,66.54150390625,215.27000427246094,190.07623291015625,409.63232421875,116.23585510253906,514.5106201171875
2024-06-05,194.18785095214844,181.27999877929688,66.72611999511719,217.82000732421875,188.2628936767578,417.449462890625,122.22848510742188,520.6255493164062
2024-06-06,192.80978393554688,185.0,66.7353744506836,219.42999267578125,187.92886352539062,417.9515686035156,120.78897094726562,520.615966796875
2024-06-07,195.19908142089844,184.3000030517578,66.19998931884766,211.60000610351562,190.8302001953125,417.2919616699219,120.67916107177734,519.9830322265625
2024-06-10,191.4614715576172,187.05999755859375,66.09845733642578,213.5399932861328,190.50572204589844,421.249755859375,121.57959747314453,521.5896606445312
2024-06-11,205.37098693847656,187.22999572753906,66.36614227294922,214.14999389648438,185.49517822265625,425.9853210449219,120.71105194091797,522.845703125
2024-06-12,211.2401580810547,186.88999938964844,66.67072296142578,214.72000122070312,182.79425048828125,434.2356872558594,124.99397277832031,527.1398315429688
2024-06-13,212.40008544921875,183.8300018310547,66.96610260009766,212.97000122070312,184.82711791992188,434.74755859375,129.396728515625,528.201416015625
2024-06-14,210.66514587402344,183.66000366210938,67.06765747070312,215.72999572753906,184.94163513183594,435.7222900390625,131.66299438476562,528.522705078125
2024-06-17,214.80921936035156,184.05999755859375,66.81842041015625,214.61000061035156,186.08689880371094,441.4325256347656,130.76449584960938,532.7290649414062
2024-06-18,212.4496612548828,182.80999755859375,67.0491714477539,215.47000122070312,188.0147705078125,439.4339599609375,135.35690307617188,534.0826416015625
2024-06-20,207.87924194335938,186.10000610351562,66.91995239257812,218.16000366210938,189.6085968017578,438.80389404296875,130.56480407714844,532.6317138671875
2024-06-21,205.7080535888672,189.0800018310547,66.93842315673828,214.77999877929688,187.34671020507812,442.8207702636719,126.3617172241211,531.917724609375
2024-06-24,206.35247802734375,185.57000732421875,66.97534942626953,215.6300048828125,189.80902099609375,440.7434387207031,117.91564178466797,530.1885986328125
2024-06-25,207.2744903564453,186.33999633789062,67.01227569580078,214.55999755859375,189.03598022460938,443.9726257324219,125.88251495361328,532.2302856445312
2024-06-26,211.41859436035156,193.61000061035156,66.69842529296875,212.5800018310547,188.42514038085938,445.1639099121094,126.1920166015625,532.89453125
2024-06-27,212.26132202148438,197.85000610351562,66.81842041015625,214.99000549316406,190.08578491210938,445.8432922363281,123.78597259521484,533.734619140625
2024-06-28,208.81118774414062,193.25,66.50460052490234,215.00999450683594,193.0348663330078,440.0345153808594,123.33671569824219,531.6343383789062
2024-07-01,214.88851928710938,197.1999969482422,66.15367889404297,215.57000732421875,196.07936096191406,449.6632080078125,124.09547424316406,532.7284545898438
2024-07-02,218.37831115722656,200.0,66.3481216430664,215.55999755859375,199.30519104003906,452.1737060546875,122.4681396484375,536.3135986328125
2024-07-03,219.64732360839844,197.58999633789062,66.72772979736328,217.99000549316406,199.1715850830078,453.6406555175781,128.0689239501953,538.7069702148438
2024-07-05,224.3961639404297,200.0,67.03326416015625,220.92999267578125,196.532470703125,460.32562255859375,125.6229476928711,541.8134765625
2024-07-08,225.8634796142578,199.2899932861328,67.03326416015625,218.19000244140625,196.8971405029297,459.0260314941406,127.98902130126953,542.4385986328125
2024-07-09,226.71607971191406,199.33999633789062,67.0054931640625,218.55999755859375,199.25796508789062,452.4297180175781,131.163818359375,542.9661865234375
2024-07-10,230.97915649414062,199.7899932861328,67.06105041503906,219.36000061035156,199.4210968017578,459.035888671875,134.68801879882812,548.3389892578125
2024-07-11,225.61563110351562,195.0500030517578,67.39435577392578,223.25,199.08518981933594,447.6646423339844,127.19036102294922,543.6107788085938
2024-07-12,228.56008911132812,194.49000549316406,67.57026672363281,223.11000061035156,196.67640686035156,446.5324401855469,129.02734375,547.0396728515625
2024-07-15,232.386962890625,192.72000122070312,67.35731506347656,223.8300018310547,201.5803985595703,446.9360656738281,128.2286376953125,548.5440673828125
2024-07-16,232.80337524414062,193.02000427246094,67.61656951904297,228.2899932861328,205.00640869140625,442.5647277832031,126.1520767211914,551.797119140625
2024-07-17,226.9143524169922,187.92999267578125,67.6813735961914,227.22999572753906,208.12535095214844,436.6575927734375,117.79584503173828,544.0602416992188
2024-07-18,222.2547149658203,183.75,67.50546264648438,225.77999877929688,201.51319885253906,433.55633544921875,120.8907470703125,539.8792114257812
2024-07-19,222.38363647460938,183.1300048828125,67.32953643798828,221.72999572753906,201.32127380371094,430.3467712402344,117.73594665527344,536.2940673828125
2024-07-22,222.03663635253906,182.5500030517578,67.3017807006836,221.8000030517578,201.8011016845703,436.0865783691406,123.33671569824219,541.8231811523438
2024-07-23,223.07760620117188,186.41000366210938,67.31103515625,222.5800018310547,201.8490753173828,437.9670715332031,122.38826751708984,540.973388671875
2024-07-24,216.6631622314453,180.8300018310547,67.11658477783203,221.8000030517578,200.1792449951172,422.2637939453125,114.06199645996094,528.7135620117188
2024-07-25,215.62217712402344,179.85000610351562,67.2647476196289,218.3300018310547,200.25601196289062,411.92626953125,112.09524536132812,525.9586791992188
2024-07-26,216.08815002441406,182.5,67.53325653076172,220.6300048828125,203.6820831298828,418.69000244140625,112.87396240234375,531.8492431640625
2024-07-29,216.36573791503906,183.1999969482422,67.61656951904297,220.32000732421875,202.34811401367188,420.1274108886719,111.40637969970703,532.1619262695312
2024-07-30,216.9209442138672,181.7100067138672,67.69988250732422,222.52000427246094,206.51312255859375,416.3763427734375,103.55931091308594,529.4656982421875
2024-07-31,220.1727752685547,186.97999572753906,68.07023620605469,226.5500030517578,204.219482421875,411.8770446777344,116.82744598388672,538.072021484375
2024-08-01,216.48471069335938,184.07000732421875,68.32470703125,225.77000427246094,199.57467651367188,410.6562194824219,109.03030395507812,530.4524536132812
2024-08-02,217.97183227539062,167.89999389648438,69.10482025146484,225.33999633789062,191.1102752685547,402.1695556640625,107.09346771240234,520.5762329101562
2024-08-05,207.47276306152344,161.02000427246094,69.0398178100586,222.47999572753906,187.04124450683594,389.0359802246094,100.28470611572266,505.41510009765625
2024-08-06,205.45030212402344,161.92999267578125,68.61258697509766,220.6999969482422,192.26190185546875,393.4269714355469,104.07846069335938,510.0747985839844
2024-08-07,208.01808166503906,162.77000427246094,68.44542694091797,220.5500030517578,192.31948852539062,392.2652282714844,98.74724578857422,506.66546630859375
2024-08-08,211.4780731201172,165.8000030517578,68.34329223632812,224.00999450683594,195.8319091796875,396.4593505859375,104.79727172851562,518.3782348632812
2024-08-09,214.38290405273438,166.94000244140625,68.58474731445312,224.55999755859375,197.5017547607422,399.7378234863281,104.57762908935547,520.6641845703125
2024-08-12,215.91146850585938,166.8000030517578,68.70549011230469,228.41000366210938,197.87600708007812,400.51556396484375,108.84060668945312,520.9375610351562
2024-08-13,219.62362670898438,170.22999572753906,68.96553802490234,228.05999755859375,199.5554656982422,407.60418701171875,115.94889068603516,529.5047607421875
2024-08-14,220.07029724121094,170.10000610351562,69.09552001953125,226.1999969482422,201.76272583007812,410.4100341796875,117.88570404052734,531.17529296875
2024-08-15,223.0479736328125,177.58999633789062,68.80764770507812,226.91000366210938,203.0198974609375,415.2627258300781,122.6578369140625,540.2797241210938
2024-08-16,224.3680877685547,177.05999755859375,68.95622253417969,231.99000549316406,205.34230041503906,412.73773193359375,124.37500762939453,541.4910888671875
2024-08-19,224.20924377441406,178.22000122070312,69.0398178100586,231.61000061035156,206.76260375976562,415.755859375,129.78607177734375,546.6685180664062
2024-08-20,224.82464599609375,178.8800048828125,69.2441177368164,232.4600067138672,205.87014770507812,418.9810485839844,127.04060363769531,545.7796020507812
2024-08-21,224.71546936035156,180.11000061035156,69.39270782470703,232.14999389648438,205.94692993164062,418.330078125,128.28855895996094,547.6550903320312
2024-08-22,222.859375,176.1300048828125,69.1141128540039,229.3699951171875,207.8950653076172,409.8577880859375,123.53638458251953,543.3568115234375
2024-08-23,225.15219116210938,177.0399932861328,69.42058563232422,232.02000427246094,209.50729370117188,411.0807800292969,129.1571044921875,549.1302490234375
2024-08-26,225.48968505859375,175.5,69.34627532958984,232.75999450683594,210.3326416015625,407.82598876953125,126.25190734863281,547.8211669921875
2024-08-27,226.33334350585938,173.1199951171875,69.34627532958984,233.38999938964844,211.30189514160156,408.1711730957031,128.08889770507812,548.5733642578125
2024-08-28,224.8048095703125,170.8000030517578,69.29985809326172,231.75,212.36715698242188,404.9755859375,125.40330505371094,545.3887939453125
2024-08-29,228.08023071289062,172.1199951171875,69.19767761230469,232.9499969482422,213.2500762939453,407.4610595703125,117.39649963378906,545.4375610351562
2024-08-30,227.29612731933594,178.5,69.05838775634766,231.2899932861328,215.73561096191406,411.42596435546875,119.17356872558594,550.6444702148438
2024-09-03,221.11251831054688,176.25,69.35272979736328,230.2899932861328,211.4170684814453,403.8314208984375,107.8222885131836,539.3126220703125
2024-09-04,219.20675659179688,173.3300018310547,69.66014099121094,230.42999267578125,210.48617553710938,403.2988586425781,106.03523254394531,538.208740234375
2024-09-05,220.7253875732422,177.88999938964844,69.82781982421875,232.35000610351562,208.854736328125,402.79583740234375,107.0335922241211,536.8997802734375
2024-09-06,219.177001953125,171.38999938964844,69.91166687011719,230.6300048828125,203.89321899414062,396.1974792480469,102.66080474853516,527.8636474609375
2024-09-09,219.26632690429688,175.39999389648438,70.00482177734375,231.60000610351562,208.06777954101562,400.16241455078125,106.2947998046875,533.773681640625
2024-09-10,218.47225952148438,179.5500030517578,70.23770141601562,232.6199951171875,197.27142333984375,408.5262756347656,107.92211151123047,536.0986938476562
2024-09-11,221.00331115722656,184.52000427246094,70.20045471191406,232.25,198.8740692138672,417.2451477050781,116.7176284790039,541.5985107421875
2024-09-12,221.11251831054688,187.0,70.12593078613281,236.3300018310547,198.2694854736328,421.1509094238281,118.95413208007812,546.160400390625
2024-09-13,220.84449768066406,186.49000549316406,70.27498626708984,238.67999267578125,196.0814208984375,424.6917724609375,118.91419219970703,549.0130615234375
2024-09-16,214.71047973632812,184.88999938964844,70.46125793457031,238.66000366210938,199.47866821289062,425.43145751953125,116.59780883789062,549.8237915039062
2024-09-17,215.1769561767578,186.8800048828125,70.36811065673828,237.33999633789062,200.8126220703125,429.1892395019531,115.40966033935547,550.0485229492188
2024-09-18,219.0479736328125,186.42999267578125,70.15386199951172,235.50999450683594,199.16200256347656,424.90875244140625,113.19313049316406,548.4171142578125
2024-09-19,227.16709899902344,189.8699951171875,70.15386199951172,239.1699981689453,201.9930419921875,432.6808166503906,117.68611907958984,557.7755737304688
2024-09-20,226.50205993652344,191.60000610351562,70.14454650878906,242.2100067138672,202.5784454345703,429.3076171875,115.81903839111328,556.8114013671875
2024-09-23,224.78492736816406,193.8800048828125,70.09796905517578,242.67999267578125,202.9143524169922,427.5717468261719,116.07862091064453,558.2027587890625
2024-09-24,225.67825317382812,193.9600067138672,70.18182373046875,246.07000732421875,203.05825805664062,423.29119873046875,120.68143463134766,559.7999267578125
2024-09-25,224.68568420410156,192.52999877929688,69.92098999023438,245.72999572753906,201.71475219726562,426.1908874511719,123.31731414794922,558.5652465820312
2024-09-26,225.82713317871094,191.16000366210938,69.92098999023438,246.97999572753906,201.32127380371094,425.40185546875,123.84648895263672,560.7798461914062
2024-09-27,226.09512329101562,187.97000122070312,70.12593078613281,245.02000427246094,202.01222229003906,422.1569519042969,121.21060943603516,559.9664306640625
2024-09-30,231.266357421875,186.3300018310547,69.96755981445312,243.05999755859375,202.3577117919922,424.4056701660156,121.25054168701172,562.2105102539062
2024-10-01,224.5269012451172,185.1300048828125,70.17404174804688,245.61000061035156,198.6917266845703,414.9273681640625,116.81746673583984,557.1738891601562
2024-10-02,225.09263610839844,184.75999450683594,70.04324340820312,245.66000366210938,198.93165588378906,411.4161071777344,118.66458129882812,557.4090576171875
2024-10-03,223.9909210205078,181.9600067138672,69.73491668701172,245.49000549316406,196.9547119140625,410.834228515625,122.65834045410156,556.3899536132812
2024-10-04,225.1125030517578,186.50999450683594,69.27711486816406,245.0,203.94537353515625,410.36077880859375,124.72510528564453,561.4461059570312
2024-10-07,220.04052734375,180.8000030517578,69.07159423828125,244.1699981689453,203.66534423828125,403.9300842285156,127.52073669433594,556.370361328125
2024-10-08,224.09014892578125,182.72000122070312,69.17436218261719,242.3699951171875,203.49154663085938,409.0292663574219,132.68267822265625,561.63232421875
2024-10-09,227.8321075439453,185.1699981689453,68.98750305175781,241.0500030517578,206.06959533691406,411.7416076660156,132.44305419921875,565.5223999023438
2024-10-10,227.3358154296875,186.64999389648438,68.95945739746094,242.82000732421875,205.5095672607422,410.1437683105469,134.59967041015625,564.5327758789062
2024-10-11,225.85690307617188,188.82000732421875,68.96881866455078,245.47000122070312,214.6341094970703,410.6172180175781,134.58969116210938,567.9132690429688
2024-10-14,229.57901000976562,187.5399932861328,68.92211151123047,245.07000732421875,213.85202026367188,413.3985595703125,137.8546142578125,572.557861328125
2024-10-15,232.11004638671875,187.69000244140625,69.19303894042969,245.9199981689453,214.7306671142578,413.0040588378906,131.3946990966797,568.1093139648438
2024-10-16,230.05543518066406,186.88999938964844,69.28646850585938,247.14999389648438,215.9376220703125,410.4199523925781,135.5082550048828,570.5784912109375
2024-10-17,230.4226837158203,187.52999877929688,68.95013427734375,248.6300048828125,216.69073486328125,411.0117492675781,136.71636962890625,570.62744140625
2024-10-18,233.25148010253906,188.99000549316406,68.98750305175781,251.27000427246094,217.60800170898438,412.4320373535156,137.7847137451172,572.8224487304688
2024-10-21,234.720458984375,189.07000732421875,68.52034759521484,251.22000122070312,215.31964111328125,413.0435485839844,143.48580932617188,571.8816528320312
2024-10-22,234.10507202148438,189.6999969482422,68.54838562011719,253.92999267578125,216.40106201171875,421.6539306640625,143.36598205566406,571.5779418945312
2024-10-23,229.0430145263672,184.7100067138672,68.38021087646484,250.8699951171875,215.7155303955078,418.7838134765625,139.34226989746094,566.3552856445312
2024-10-24,228.8544464111328,186.3800048828125,68.49231719970703,252.8000030517578,217.23146057128906,418.9120178222656,140.1909637451172,567.5801391601562
2024-10-25,229.68820190429688,187.8300018310547,68.35218811035156,253.32000732421875,214.65341186523438,422.2851867675781,141.31918334960938,567.384033203125
2024-10-28,231.66336059570312,188.38999938964844,68.2680892944336,253.3300018310547,217.73355102539062,420.74652099609375,140.30078125,569.1381225585938
2024-10-29,231.93138122558594,190.8300018310547,68.32415771484375,256.0899963378906,215.22308349609375,426.0331115722656,141.02964782714844,570.0592651367188
2024-10-30,228.387939453125,192.72999572753906,68.25874328613281,257.5,216.68109130859375,426.60516357421875,139.12261962890625,568.3345947265625
2024-10-31,224.22911071777344,186.39999389648438,68.24942016601562,253.50999450683594,214.27685546875,400.7838439941406,132.55288696289062,557.1934814453125
2024-11-01,221.25144958496094,197.92999267578125,67.985107421875,252.47000122070312,215.26171875,404.74871826171875,135.1887664794922,559.545166015625
2024-11-04,220.35812377929688,195.77999877929688,68.25690460205078,252.8300018310547,212.21054077148438,402.8648681640625,135.8377685546875,558.3399047851562
2024-11-05,221.78741455078125,199.5,68.42560577392578,253.39999389648438,213.86167907714844,405.82379150390625,139.69174194335938,565.09130859375
2024-11-06,221.06285095214844,207.08999633789062,67.86327362060547,245.6999969482422,238.55099487304688,414.42437744140625,145.38284301757812,579.142578125
2024-11-07,225.7874298095703,210.0500030517578,68.36936950683594,249.64999389648438,228.23883056640625,419.6023864746094,148.6477508544922,583.62060546875
2024-11-08,225.51914978027344,208.17999267578125,68.50057220458984,247.9600067138672,228.8181610107422,416.7519836425781,147.399658203125,586.1487426757812
2024-11-11,222.8064727783203,206.83999633789062,68.36936950683594,242.13999938964844,231.04861450195312,412.2840881347656,145.03338623046875,586.7072143554688
2024-11-12,222.8064727783203,208.91000366210938,67.95700073242188,240.0500030517578,231.309326171875,417.2353210449219,148.0586395263672,584.8847045898438
2024-11-13,223.69081115722656,214.10000610351562,67.92888641357422,237.6300048828125,232.85418701171875,419.3755798339844,146.0417938232422,585.1688842773438
2024-11-14,226.77114868164062,211.47999572753906,67.91012573242188,237.00999450683594,233.53976440429688,421.04241943359375,146.53102111816406,581.4060668945312
2024-11-15,223.5715789794922,202.61000061035156,67.92888641357422,236.58999633789062,236.86126708984375,409.3152770996094,141.7584991455078,573.9591064453125
2024-11-18,226.57240295410156,201.6999969482422,67.99449920654297,241.08999633789062,236.59091186523438,410.06488037109375,139.93133544921875,576.3107299804688
2024-11-19,226.83074951171875,204.61000061035156,68.11632537841797,243.25,234.7177276611328,412.0671081542969,146.78065490722656,578.41748046875
2024-11-20,227.54620361328125,202.8800048828125,68.04136657714844,244.6199951171875,232.4873046875,409.798583984375,145.66241455078125,578.6134643554688
2024-11-21,227.06924438476562,198.3800048828125,68.00386810302734,246.66000366210938,236.33021545410156,408.0295715332031,146.44117736816406,581.7196655273438
2024-11-22,228.41065979003906,197.1199951171875,68.03197479248047,249.83999633789062,239.98968505859375,412.11114501953125,141.72853088378906,583.5225830078125
2024-11-25,231.39163208007812,201.4499969482422,68.65990447998047,242.47999572753906,241.66973876953125,413.8801574707031,135.80780029296875,585.5020141601562
2024-11-26,233.56771850585938,207.86000061035156,68.5380630493164,242.9499969482422,241.36077880859375,422.9723205566406,136.70639038085938,588.5591430664062
2024-11-27,233.43853759765625,205.74000549316406,68.72551727294922,243.49000549316406,241.18695068359375,418.0309143066406,135.12884521484375,586.7758178710938
2024-11-29,235.82330322265625,207.88999938964844,68.97856140136719,245.58999633789062,241.11940002441406,418.49542236328125,138.03433227539062,590.4208984375
2024-12-02,238.06895446777344,210.7100067138672,69.01897430419922,243.44000244140625,237.76889038085938,425.92724609375,138.4136962890625,591.4791870117188
2024-12-03,241.10952758789062,213.44000244140625,68.85917663574219,243.92999267578125,236.38815307617188,426.1446838378906,140.0411834716797,591.7535400390625
2024-12-04,241.46725463867188,218.16000366210938,69.09420013427734,244.6699981689453,235.01705932617188,432.291748046875,144.91354370117188,595.427978515625
2024-12-05,241.4970703125,220.5500030517578,69.1036148071289,242.86000061035156,237.02540588378906,437.4307861328125,144.84368896484375,594.4481811523438
2024-12-06,241.29833984375,227.02999877929688,69.29158782958984,242.9499969482422,238.8406524658203,438.3696594238281,142.2275848388672,595.574951171875
2024-12-09,245.18348693847656,226.08999633789062,69.08478546142578,245.36000061035156,235.41294860839844,440.7908935546875,138.60299682617188,592.5079956054688
2024-12-10,246.197021484375,225.0399932861328,69.00957489013672,248.58999633789062,234.4956512451172,438.1324462890625,134.8685760498047,590.6658325195312
2024-12-11,244.9251708984375,230.25999450683594,68.85917663574219,250.9600067138672,235.142578125,443.7261047363281,139.1022491455078,595.2321166992188
2024-12-12,246.38583374023438,228.97000122070312,68.58656311035156,247.27999877929688,233.2114715576172,444.2894287109375,137.1351776123047,592.1650390625
2024-12-13,246.55474853515625,227.4600067138672,68.3139419555664,244.2899932861328,231.6762237548828,442.0262756347656,134.0498046875,592.0474853515625
2024-12-16,249.44627380371094,232.92999267578125,68.38912963867188,244.8800048828125,231.32862854003906,446.295654296875,131.80313110351562,594.5755615234375
2024-12-17,251.87078857421875,231.14999389648438,68.39852905273438,243.94000244140625,230.15065002441406,449.1319580078125,130.19554138183594,592.1258544921875
2024-12-18,246.4752655029297,220.52000427246094,67.86272430419922,239.25999450683594,222.435791015625,432.2620849609375,128.71775817871094,574.4784545898438
2024-12-19,248.2042236328125,223.2899932861328,67.67469024658203,239.60000610351562,224.93663024902344,431.9063415527344,130.485107421875,574.3020629882812
2024-12-20,252.87437438964844,224.9199981689453,67.88150024414062,242.10000610351562,229.41680908203125,431.4814147949219,134.49911499023438,581.199951171875
2024-12-23,253.64942932128906,225.05999755859375,67.6653060913086,240.9600067138672,230.17959594726562,430.1471862792969,139.46170043945312,584.680419921875
2024-12-24,256.5608215332031,229.0500030517578,67.76243591308594,241.44000244140625,233.96461486816406,434.1793518066406,140.01089477539062,591.1790771484375
2024-12-26,257.3756103515625,227.0500030517578,67.80960845947266,243.07000732421875,234.76600646972656,432.9736328125,139.7213134765625,591.2184448242188
2024-12-27,253.96737670898438,223.75,67.66813659667969,241.39999389648438,232.86386108398438,425.4825439453125,136.80564880371094,584.9949951171875
2024-12-30,250.59890747070312,221.3000030517578,67.93219757080078,240.6300048828125,231.0775909423828,419.8493347167969,137.2849578857422,578.3193359375
2024-12-31,248.83021545410156,219.38999938964844,67.81904602050781,242.1300048828125,231.4541473388672,416.5584411621094,134.08973693847656,576.21533203125
2025-01-02,242.30191040039062,220.22000122070312,67.84732055664062,245.4199981689453,231.73414611816406,413.6726379394531,138.10372924804688,574.7994995117188
2025-01-03,241.8150177001953,224.19000244140625,67.76243591308594,243.49000549316406,234.90118408203125,418.38671875,144.25454711914062,581.9864501953125
2025-01-06,243.4446258544922,227.61000061035156,67.69642639160156,243.19000244140625,233.7559356689453,422.833984375,149.2071533203125,585.3390502929688
2025-01-07,240.67234802246094,222.11000061035156,67.46063232421875,244.55999755859375,236.00759887695312,417.4181823730469,139.93099975585938,578.722412109375
2025-01-08,241.15921020507812,222.1300048828125,67.53610229492188,245.86000061035156,235.9687957763672,419.58251953125,139.90106201171875,579.56787109375
2025-01-10,235.3463592529297,218.94000244140625,67.18714904785156,248.2100067138672,232.8048095703125,414.03826904296875,135.70730590820312,570.7193603515625
2025-01-13,232.91189575195312,218.4600067138672,67.12113189697266,245.74000549316406,237.01698303222656,412.2989501953125,133.0313262939453,571.604248046875
2025-01-14,231.79904174804688,217.75999450683594,67.16828155517578,247.02999877929688,240.18093872070312,410.7967529296875,131.56350708007812,572.3906860351562
2025-01-15,236.35987854003906,223.35000610351562,67.70587921142578,248.8800048828125,244.91722106933594,421.31201171875,136.03683471679688,582.8025512695312
2025-01-16,226.81089782714844,220.66000366210938,67.83788299560547,250.60000610351562,246.78067016601562,419.6022644042969,133.37081909179688,581.6817016601562
2025-01-17,228.51995849609375,225.94000244140625,67.85675048828125,249.27000427246094,251.52664184570312,424.0001220703125,137.50465393066406,587.521728515625
2025-01-21,221.2265625,230.7100067138672,68.05480194091797,253.1300048828125,255.28265380859375,423.476318359375,140.61997985839844,592.8995971679688
2025-01-22,222.40902709960938,235.00999450683594,67.913330078125,254.42999267578125,255.0982666015625,440.9688415527344,146.85067749023438,596.2326049804688
2025-01-23,222.24009704589844,235.4199981689453,67.80960845947266,254.07000732421875,258.1166687011719,441.47283935546875,147.00045776367188,599.4868774414062
2025-01-24,221.36569213867188,234.85000610351562,67.94161987304688,255.64999389648438,257.039306640625,438.8538818359375,142.4073028564453,597.73681640625
2025-01-27,228.40074157714844,235.4199981689453,68.30001831054688,252.99000549316406,258.01959228515625,429.46527099609375,118.24340057373047,589.2816162109375
2025-01-28,236.74737548828125,238.14999389648438,68.2623062133789,255.17999267578125,259.2716064453125,441.9571228027344,128.7976531982422,594.344970703125
2025-01-29,237.84043884277344,237.07000732421875,68.22456359863281,254.1999969482422,258.72808837890625,437.1441955566406,123.5155258178711,591.6805419921875
2025-01-30,236.08168029785156,234.63999938964844,68.31887817382812,258.04998779296875,260.3294982910156,410.1247253417969,124.46410369873047,594.8561401367188
2025-01-31,234.5017547607422,237.67999267578125,68.22456359863281,258.55999755859375,259.4268493652344,410.1939392089844,119.89094543457031,591.6903686523438
2025-02-03,226.5624542236328,237.4199981689453,68.28606414794922,259.94000244140625,258.9512939453125,406.10247802734375,116.48603820800781,587.70849609375
2025-02-04,231.32208251953125,242.05999755859375,68.38066101074219,262.5,260.04803466796875,407.5354309082031,118.47305297851562,591.6510009765625
2025-02-05,230.99417114257812,236.1699981689453,68.73077392578125,264.1300048828125,262.4646911621094,408.4447021484375,124.64384460449219,594.0498657226562
2025-02-06,231.73941040039062,238.8300018310547,68.65507507324219,263.42999267578125,268.7441101074219,410.94500732421875,128.48809814453125,596.1146240234375
2025-02-07,226.18487548828125,229.14999389648438,68.44691467285156,263.8999938964844,267.6764831542969,404.9461364746094,129.6463623046875,590.6580810546875
2025-02-10,226.45346069335938,233.13999938964844,68.4658432006836,268.3699951171875,263.0567321777344,407.38720703125,133.37081909179688,594.6693115234375
2025-02-11,231.39732360839844,232.75999450683594,68.35228729248047,267.3900146484375,266.890380859375,406.6163635253906,132.60194396972656,595.12158203125
2025-02-12,235.62501525878906,228.92999267578125,68.0022201538086,267.6700134277344,267.33685302734375,404.2444763183594,130.94444274902344,593.2044067382812
2025-02-13,240.26051330566406,230.3699951171875,68.40908813476562,270.30999755859375,268.18121337890625,405.7268981933594,135.08822631835938,599.4672241210938
2025-02-14,243.31439208984375,228.67999267578125,68.6266860961914,266.2900085449219,268.4432373046875,403.6416320800781,138.6429443359375,599.437744140625
2025-02-18,243.18507385253906,226.64999389648438,68.37122344970703,270.70001220703125,271.70428466796875,404.8374328613281,139.19210815429688,601.1975708007812
2025-02-19,243.58294677734375,226.6300048828125,68.4658432006836,270.8500061035156,271.0248718261719,409.90728759765625,139.02235412597656,602.61328125
2025-02-20,244.53790283203125,222.8800048828125,68.55099487304688,270.989990234375,258.94158935546875,412.07598876953125,139.90106201171875,600.1062622070312
2025-02-21,244.25938415527344,216.5800018310547,68.85377502441406,270.739990234375,256.4570007324219,404.23309326171875,134.22952270507812,589.8419799804688
2025-02-24,245.80123901367188,212.7100067138672,68.94839477539062,272.2099914550781,253.6424102783203,400.0641174316406,130.08572387695312,587.1580200195312
2025-02-25,245.7415771484375,212.8000030517578,69.38362884521484,268.6199951171875,249.81845092773438,394.0235595703125,126.44115447998047,584.2379150390625
2025-02-26,239.09666442871094,214.35000610351562,69.48773193359375,269.0299987792969,251.16757202148438,395.83575439453125,131.08421325683594,584.5328369140625
2025-02-27,236.0527801513672,208.74000549316406,69.40255737304688,264.92999267578125,251.4198760986328,388.70587158203125,119.97081756591797,575.2025756835938
2025-02-28,240.56887817382812,212.27999877929688,69.69589233398438,263.2699890136719,256.85491943359375,393.1224060058594,124.73370361328125,584.1788940429688
2025-03-03,236.77890014648438,205.02000427246094,69.85626983642578,266.739990234375,252.94363403320312,384.70526123046875,113.88990020751953,573.9441528320312
2025-03-04,234.68994140625,203.8000030517578,69.65697479248047,269.05999755859375,242.8790740966797,384.82403564453125,115.81702423095703,567.1504516601562
2025-03-05,234.50096130371094,208.36000061035156,69.41023254394531,269.6199951171875,244.12136840820312,397.1131591796875,117.12506866455078,573.2461547851562
2025-03-06,234.09312438964844,200.6999969482422,69.35328674316406,268.25,239.27835083007812,393.0234069824219,110.40510559082031,563.0703125
2025-03-07,237.81344604492188,199.25,69.27735900878906,268.3900146484375,235.14381408691406,389.478271484375,112.52195739746094,566.226318359375
2025-03-10,226.28436279296875,194.5399932861328,69.60000610351562,266.0400085449219,225.38011169433594,376.4563903808594,106.8204574584961,551.14453125
2025-03-11,219.6792755126953,196.58999633789062,69.33431243896484,269.1600036621094,222.390869140625,376.74359130859375,108.5978012084961,546.5629272460938
2025-03-12,215.8395538330078,198.88999938964844,69.19197082519531,270.3299865722656,221.18736267089844,379.53607177734375,115.5780258178711,549.4632568359375
2025-03-13,208.57791137695312,193.88999938964844,69.4007339477539,275.1300048828125,218.55718994140625,375.0799255371094,115.41825103759766,542.1387329101562
2025-03-14,212.36788940429688,197.9499969482422,69.22991943359375,275.239990234375,225.5936737060547,384.7745666503906,121.49972534179688,553.3368530273438
2025-03-17,212.87522888183594,195.74000549316406,69.32481384277344,276.7300109863281,227.0397491455078,384.9131774902344,119.36271667480469,557.6038818359375
2025-03-18,211.57211303710938,192.82000732421875,69.4007339477539,279.9599914550781,228.04913330078125,379.7836608886719,115.26846313476562,551.5770874023438
2025-03-19,214.10870361328125,195.5399932861328,69.6095199584961,281.1099853515625,232.0671844482422,384.0417785644531,117.35552978515625,557.584228515625
2025-03-20,212.97470092773438,194.9499969482422,69.63797760009766,280.75,231.97010803222656,383.07135009765625,118.36412048339844,555.9718017578125
2025-03-21,217.12277221679688,196.2100067138672,69.58104705810547,278.489990234375,234.51296997070312,387.4482421875,117.5352783203125,556.1552124023438
2025-03-24,219.56985473632812,203.25999450683594,69.27735900878906,277.25,240.75355529785156,389.2505187988281,121.24009704589844,566.1151733398438
2025-03-25,222.573974609375,205.7100067138672,69.36278533935547,278.4700012207031,243.73316955566406,391.31024169921875,120.5210952758789,567.4760131835938
2025-03-26,220.36563110351562,201.1300048828125,69.21092987060547,278.239990234375,243.63609313964844,386.1708068847656,113.60079956054688,560.7013549804688
2025-03-27,222.67344665527344,201.36000061035156,69.1824722290039,281.9700012207031,240.81178283691406,386.77490234375,111.27406311035156,559.2122192382812
2025-03-28,216.7547149658203,192.72000122070312,69.58104705810547,284.05999755859375,235.69703674316406,375.1096496582031,109.51652526855469,547.9507446289062
2025-03-31,220.96249389648438,190.25999450683594,69.70442962646484,288.1400146484375,238.07485961914062,371.73284912109375,108.22832489013672,551.62890625
2025-04-01,222.0169219970703,192.1699981689453,69.92341613769531,287.57000732421875,236.48316955566406,378.4666442871094,109.99585723876953,553.18701171875
2025-04-02,222.71324157714844,196.00999450683594,69.86627960205078,288.1600036621094,238.57955932617188,378.4171142578125,110.26546478271484,556.6878051757812
2025-04-03,202.12203979492188,178.41000366210938,70.22808837890625,286.4200134277344,221.95413208007812,369.47509765625,101.65753936767578,529.2537841796875
2025-04-04,187.389892578125,171.0,70.28520965576172,279.7200012207031,205.3434295654297,356.3343505859375,94.17801666259766,498.2696838378906
2025-04-07,180.50625610351562,175.25999450683594,69.43782043457031,273.7099914550781,209.40577697753906,354.3736267089844,97.50334930419922,497.3821716308594
2025-04-08,171.51376342773438,170.66000366210938,69.03794860839844,275.20001220703125,211.77871704101562,351.1058044433594,96.16523742675781,489.5918273925781
2025-04-09,197.8048553466797,191.10000610351562,69.1998062133789,285.3800048828125,228.83859252929688,386.68572998046875,114.17000579833984,541.0084838867188
2025-04-10,189.41915893554688,181.22000122070312,68.6475830078125,292.3500061035156,221.7783203125,377.63482666015625,107.4194564819336,517.3018798828125
2025-04-11,197.10853576660156,184.8699951171875,68.57140350341797,297.92999267578125,230.65492248535156,384.6656494140625,110.7747573852539,526.5321044921875
2025-04-14,201.45555114746094,182.1199951171875,68.9617691040039,296.2300109863281,229.2096710205078,384.0318908691406,110.55506896972656,531.64013671875
2025-04-15,201.07754516601562,179.58999633789062,69.1331558227539,297.7799987792969,227.65699768066406,381.9721374511719,112.04297637939453,530.1511840820312
2025-04-16,193.24893188476562,174.3300018310547,69.32357025146484,307.4700012207031,224.2196502685547,367.98968505859375,104.3437728881836,518.3668823242188
2025-04-17,195.9446563720703,172.61000061035156,69.1712417602539,306.1199951171875,226.5144805908203,364.19696044921875,101.34796142578125,519.1065063476562
2025-04-21,192.144775390625,167.32000732421875,68.79039001464844,315.5899963378906,223.61419677734375,355.6213684082031,96.7743911743164,506.7503356933594
2025-04-22,198.69017028808594,173.17999267578125,68.91416931152344,311.1099853515625,230.0592498779297,363.2463684082031,98.75160217285156,519.9348754882812
2025-04-23,203.52464294433594,180.60000610351562,69.0569839477539,303.6499938964844,235.22506713867188,370.7426452636719,102.5662612915039,527.9915161132812
2025-04-24,207.27479553222656,186.5399932861328,69.44734191894531,308.07000732421875,238.89678955078125,383.5267639160156,106.28105163574219,539.1051025390625
2025-04-25,208.1800079345703,188.99000549316406,69.67585754394531,304.7300109863281,237.83238220214844,388.03253173828125,110.85465240478516,543.0003662109375
2025-04-28,209.03550720214844,187.6999969482422,69.84725189208984,309.07000732421875,237.5101318359375,387.3492126464844,108.57784271240234,543.2074584960938
2025-04-29,210.0998992919922,187.38999938964844,70.02816009521484,306.05999755859375,238.8772430419922,390.201171875,108.86742401123047,546.6292724609375
2025-04-30,211.3831024169922,184.4199981689453,69.98053741455078,303.7699890136719,238.8772430419922,391.4093017578125,108.76756286621094,546.84619140625
2025-05-01,212.1988067626953,190.1999969482422,69.78567504882812,297.4599914550781,241.09397888183594,421.2556457519531,111.45380401611328,550.7217407226562
2025-05-02,204.2706756591797,189.97999572753906,69.44180297851562,297.9800109863281,246.58203125,431.03936767578125,114.33976745605469,558.8966674804688
2025-05-05,197.84463500976562,186.35000610351562,69.3462905883789,306.8800048828125,246.630859375,431.9207458496094,113.66071319580078,555.6918334960938
2025-05-06,197.4666290283203,185.00999450683594,69.4991455078125,315.4800109863281,243.3985595703125,429.0885925292969,113.38111114501953,551.0471801757812
2025-05-07,195.21852111816406,188.7100067138672,69.63286590576172,310.75,243.53529357910156,429.1282043457031,116.89617919921875,553.3645629882812
2025-05-08,196.45199584960938,192.0800018310547,69.26033020019531,304.6300048828125,247.5194854736328,433.9012451171875,117.20574951171875,557.2202758789062
2025-05-09,197.4865264892578,193.05999755859375,69.31763458251953,306.8399963378906,247.13864135742188,434.455810546875,116.48676300048828,556.5103149414062
2025-05-12,209.95703125,208.63999938964844,69.07884216308594,298.19000244140625,253.94500732421875,444.8832092285156,122.82786560058594,574.9015502929688
2025-05-13,212.0885772705078,211.3699951171875,69.05020141601562,299.4599914550781,256.8355407714844,444.7643737792969,129.74815368652344,578.6981201171875
2025-05-14,211.490966796875,210.25,68.81138610839844,293.1600036621094,259.4038391113281,448.5273132324219,135.15060424804688,579.4376220703125
2025-05-15,210.61444091796875,205.1699981689453,69.18390655517578,297.8399963378906,261.2103271484375,449.5392761230469,134.6413116455078,582.2678833007812
2025-05-16,210.42520141601562,205.58999633789062,69.23168182373047,294.239990234375,261.2787170410156,450.67022705078125,135.21051025390625,585.9559936523438
2025-05-19,207.9550018310547,206.16000366210938,69.21255493164062,298.0299987792969,258.66162109375,455.2337646484375,135.38027954101562,586.596923828125
2025-05-20,206.04258728027344,204.07000732421875,69.08838653564453,303.5799865722656,259.44287109375,454.53936767578125,134.1919403076172,584.6246948242188
2025-05-21,201.2914276123047,201.1199951171875,68.65855407714844,305.82000732421875,254.9117889404297,448.9837341308594,131.61557006835938,574.7733154296875
2025-05-22,200.56431579589844,203.10000610351562,68.84959411621094,303.1099853515625,254.5504913330078,451.2555847167969,132.64410400390625,575.0001831054688
2025-05-23,194.4983673095703,200.99000549316406,68.95467376708984,309.75,254.5895233154297,446.6126403808594,131.1062469482422,571.0753173828125
2025-05-27,199.41885375976562,206.02000427246094,69.27942657470703,304.5,259.06201171875,457.03936767578125,135.31036376953125,582.9483032226562
2025-05-28,199.62803649902344,204.72000122070312,69.12660217285156,303.80999755859375,257.3042297363281,453.7357482910156,134.621337890625,579.5757446289062
2025-05-29,199.15988159179688,205.6999969482422,69.37495422363281,305.6099853515625,258.16363525390625,455.0453186035156,138.9951934814453,581.8635864257812
2025-05-30,200.05633544921875,205.00999450683594,69.50867462158203,303.6000061035156,257.80230712890625,456.7119445800781,134.94090270996094,581.2127685546875
2025-06-02,200.90298461914062,206.64999389648438,69.35533142089844,311.6700134277344,258.4468078613281,458.3092346191406,137.18775939941406,584.4866943359375
2025-06-03,202.46676635742188,205.7100067138672,69.27867126464844,308.9100036621094,260.0190124511719,459.3013000488281,141.02236938476562,587.8197631835938
2025-06-04,202.01856994628906,207.22999572753906,69.70990753173828,310.8999938964844,258.01715087890625,460.19415283203125,141.7213897705078,587.6619873046875
2025-06-05,199.8372039794922,207.91000366210938,69.57575225830078,309.3299865722656,255.80039978027344,463.9739685058594,139.79409790039062,584.8218994140625
2025-06-06,203.11419677734375,213.57000732421875,69.20201110839844,305.17999267578125,259.4917297363281,466.6526184082031,141.52166748046875,590.827392578125
2025-06-09,200.65394592285156,216.97999572753906,69.30741882324219,306.6199951171875,260.47796630859375,469.0038146972656,142.430419921875,591.3599243164062
2025-06-10,201.869140625,217.61000061035156,69.44158935546875,306.7099914550781,262.2943115234375,467.1883544921875,143.758544921875,594.7128295898438
2025-06-11,197.99452209472656,213.1999969482422,69.66202545166016,308.3699951171875,261.8548583984375,468.87481689453125,142.6400146484375,593.0166625976562
2025-06-12,198.412841796875,213.24000549316406,69.92076110839844,312.20001220703125,261.9427490234375,475.0752868652344,144.80714416503906,595.3734741210938
2025-06-13,195.67372131347656,212.10000610351562,69.67158508300781,316.2900085449219,258.7300109863281,471.1962585449219,141.78115844726562,588.7171630859375
2025-06-16,197.63592529296875,216.10000610351562,69.53743743896484,311.7799987792969,264.0129699707031,475.3431701660156,144.49754333496094,594.3182983398438
2025-06-17,194.86692810058594,214.82000732421875,69.75785827636719,311.94000244140625,263.1926574707031,474.25189208984375,143.9282989501953,589.2398681640625
2025-06-18,195.80320739746094,212.52000427246094,69.7961654663086,310.260009765625,267.5284729003906,476.4344482421875,145.28648376464844,589.1510009765625
2025-06-20,200.20574951171875,209.69000244140625,69.84408569335938,310.1300048828125,268.5440368652344,473.6169738769531,143.65866088867188,587.7673950195312
2025-06-23,200.70376586914062,208.47000122070312,70.01660919189453,311.0799865722656,271.7372741699219,482.1488037109375,143.97824096679688,593.5730590820312
2025-06-24,199.50851440429688,212.77000427246094,70.2274398803711,306.19000244140625,274.6571044921875,486.2262268066406,147.70326232910156,600.13037109375
2025-06-25,200.76351928710938,211.99000549316406,70.24659729003906,307.1199951171875,277.391357421875,488.369140625,154.10476684570312,600.4666748046875
2025-06-26,200.20574951171875,217.1199951171875,70.44786071777344,306.7799987792969,281.97125244140625,493.5080871582031,154.8137969970703,605.1646728515625
2025-06-27,200.28543090820312,223.3000030517578,70.28494262695312,301.2200012207031,280.3697509765625,492.0100402832031,157.54017639160156,608.1713256835938
2025-06-30,204.3592529296875,219.38999938964844,70.56285858154297,304.8299865722656,283.1040344238281,493.4684143066406,157.77987670898438,611.0791015625
2025-07-01,206.99879455566406,220.4600067138672,70.5099868774414,307.54998779296875,283.59228515625,488.15081787109375,153.09609985351562,610.8812866210938
2025-07-02,211.6005401611328,219.9199981689453,70.43305969238281,309.25,285.14495849609375,487.198486328125,157.04083251953125,613.6505737304688
2025-07-03,212.70616149902344,223.41000366210938,70.26001739501953,307.1400146484375,290.443603515625,494.8870849609375,159.12806701660156,618.4869995117188
2025-07-07,209.12039184570312,223.47000122070312,70.02925109863281,307.3699951171875,286.4892578125,493.77593994140625,158.029541015625,613.8781127929688
2025-07-08,209.1801300048828,219.36000061035156,69.99081420898438,304.1600036621094,277.4717712402344,492.68463134765625,159.7871856689453,613.5418090820312
2025-07-09,210.3056640625,222.5399932861328,70.26961517333984,305.5199890136719,277.8446350097656,499.5200500488281,162.66336059570312,617.2210083007812
2025-07-10,211.57066345214844,222.25999450683594,70.27922821044922,306.20001220703125,282.7801818847656,497.5061340332031,163.88172912597656,618.9617309570312
2025-07-11,210.3256072998047,225.02000427246094,69.99081420898438,309.1400146484375,281.4751281738281,499.33154296875,164.70062255859375,616.7858276367188
2025-07-14,207.79562377929688,225.69000244140625,69.98120880126953,308.010009765625,283.2806396484375,499.033935546875,163.8517608642578,617.9627075195312
2025-07-15,208.28370666503906,226.35000610351562,69.7696762084961,306.7300109863281,281.17095947265625,501.811767578125,170.4729461669922,615.3220825195312
2025-07-16,209.3295440673828,223.19000244140625,69.90428161621094,308.260009765625,280.4547119140625,501.61334228515625,171.14205932617188,617.3792114257812
2025-07-17,209.19009399414062,223.8800048828125,69.92350769042969,307.5899963378906,284.4580993652344,507.6451721191406,172.7698974609375,621.1573486328125
2025-07-18,210.3455047607422,226.1300048828125,70.03887939453125,308.3900146484375,285.8023681640625,506.0082092285156,172.18069458007812,620.7024536132812
2025-07-21,211.64036560058594,229.3000030517578,70.24079132080078,313.1300048828125,285.50799560546875,506.0181579589844,171.1520538330078,621.87939453125
2025-07-22,213.5527801513672,227.47000122070312,70.35617065429688,316.1000061035156,285.9593811035156,501.2660827636719,166.80784606933594,621.9683837890625
2025-07-23,213.3037872314453,228.2899932861328,70.2119369506836,312.17999267578125,291.1893310546875,501.861328125,170.55284118652344,627.2598266601562
2025-07-24,212.91531372070312,232.22999572753906,70.12541198730469,310.2699890136719,290.9832763671875,506.8316650390625,173.5089111328125,627.4674682617188
2025-07-25,213.03485107421875,231.44000244140625,70.29846954345703,307.3999938964844,293.014404296875,509.6392822265625,173.2692413330078,630.1180419921875
2025-07-28,213.2041778564453,232.7899932861328,70.18309020996094,305.4100036621094,292.6807861328125,508.4388122558594,176.51490783691406,629.9598388671875
2025-07-29,210.43516540527344,231.00999450683594,70.5484390258789,306.25,291.4640808105469,508.5082702636719,175.27655029296875,628.2982788085938
2025-07-30,208.2239227294922,230.19000244140625,70.36576080322266,300.9599914550781,294.0054931640625,509.1729431152344,179.0315399169922,627.507080078125
2025-07-31,206.74978637695312,234.11000061035156,70.3753662109375,302.9599914550781,290.6791076660156,529.2723999023438,177.63340759277344,625.1531372070312
2025-08-01,201.58030700683594,214.75,70.9850082397461,309.1099853515625,283.93804931640625,519.956787109375,173.4889373779297,614.9066162109375
2025-08-04,202.54644775390625,211.64999389648438,71.03321838378906,310.9100036621094,288.7362976074219,531.3954467773438,179.76058959960938,624.2530517578125
2025-08-05,202.11814880371094,213.75,71.06217193603516,311.1600036621094,285.9005126953125,523.5679321289062,178.0229034423828,621.088134765625
2025-08-06,212.4073486328125,222.30999755859375,71.0042953491211,310.5,285.8808898925781,520.7802734375,179.1813507080078,625.845458984375
2025-08-07,219.16053771972656,223.1300048828125,70.9753646850586,313.1199951171875,281.5536804199219,516.7127075195312,180.52955627441406,625.3212280273438
2025-08-08,228.44374084472656,222.69000244140625,70.8210220336914,313.04998779296875,283.3394775390625,517.9032592773438,182.4569854736328,630.197265625
2025-08-11,226.53909301757812,221.3000030517578,70.8692626953125,308.54998779296875,284.1244812011719,517.6353759765625,181.81784057617188,628.9510498046875
2025-08-12,229.0021209716797,221.47000122070312,70.87889862060547,308.2699890136719,287.3527526855469,525.046142578125,182.9163818359375,635.6469116210938
2025-08-13,232.6717529296875,224.55999755859375,71.13934326171875,309.2099914550781,285.0762939453125,516.4547729492188,181.34844970703125,637.82275390625
2025-08-14,232.12330627441406,230.97999572753906,70.936767578125,307.25,288.6381530761719,518.3396606445312,181.77789306640625,637.8821411132812
2025-08-15,230.93667602539062,231.02999877929688,70.84033203125,307.42999267578125,285.0370178222656,516.0480346679688,180.20997619628906,636.388671875
2025-08-18,230.23863220214844,231.49000549316406,70.76315307617188,306.95001220703125,286.0574951171875,513.0023193359375,181.76788330078125,636.2501220703125
2025-08-19,229.90957641601562,228.00999450683594,70.898193359375,305.2699890136719,285.203857421875,505.7304382324219,175.4063720703125,632.7984008789062
2025-08-20,225.3723907470703,223.80999755859375,70.94642639160156,308.3599853515625,286.754150390625,501.7125549316406,175.1667022705078,631.1170043945312
2025-08-21,224.26551818847656,221.9499969482422,70.7728042602539,307.2900085449219,285.9986572265625,501.06658935546875,174.74725341796875,628.5850830078125
2025-08-22,227.11746215820312,228.83999633789062,71.12968444824219,310.5799865722656,290.6791076660156,504.037841796875,177.75326538085938,638.2381591796875
2025-08-25,226.5191650390625,227.94000244140625,71.03321838378906,309.8299865722656,289.3642578125,501.0865173339844,179.57081604003906,635.42919921875
2025-08-26,228.6630859375,228.7100067138672,71.12005615234375,312.0799865722656,292.96533203125,498.8804931640625,181.52822875976562,638.0897827148438
2025-08-27,229.8397674560547,229.1199951171875,71.18757629394531,312.7099914550781,293.6620178222656,503.5508728027344,181.35845947265625,639.5436401367188
2025-08-28,231.90391540527344,231.60000610351562,71.2743911743164,315.0299987792969,295.4184265136719,506.4326477050781,179.93035888671875,641.8085327148438
2025-08-29,231.485107421875,229.0,71.18757629394531,318.07000732421875,295.7618408203125,503.501220703125,173.9483184814453,637.98095703125
2025-09-02,229.07192993164062,225.33999633789062,71.03563690185547,325.5899963378906,294.0741882324219,501.9410705566406,170.55284118652344,633.2533569335938
2025-09-03,237.7972412109375,225.99000549316406,71.26788330078125,328.1400146484375,293.8877258300781,502.1696472167969,170.39305114746094,636.6853637695312
2025-09-04,239.10354614257812,235.67999267578125,71.53887939453125,326.69000244140625,298.1168212890625,504.7731628417969,171.43167114257812,642.00634765625
2025-09-05,239.01380920410156,232.3300018310547,71.87760162353516,331.04998779296875,288.8540344238281,491.8847961425781,166.79786682128906,640.14697265625
2025-09-08,237.20892333984375,235.83999633789062,72.1098861694336,334.82000732421875,287.41162109375,495.06463623046875,168.0861358642578,641.7195434570312
2025-09-09,233.6888885498047,238.24000549316406,71.9743881225586,334.05999755859375,292.2589111328125,495.2733459472656,170.53286743164062,643.203125
2025-09-10,226.1501922607422,230.3300018310547,72.1001968383789,335.260009765625,294.89837646484375,497.2209777832031,177.09413146972656,645.0625610351562
2025-09-11,229.3810577392578,229.9499969482422,72.25505065917969,334.760009765625,299.8241271972656,497.8569641113281,176.9443359375,650.4231567382812
2025-09-12,233.40966796875,228.14999389648438,72.16793823242188,335.4200134277344,301.1488037109375,506.6910095214844,177.59349060058594,650.2054443359375
2025-09-15,236.03224182128906,231.42999267578125,72.30343627929688,338.9100036621094,303.1014404296875,512.1166381835938,177.52357482910156,653.6671142578125
2025-09-16,237.4781494140625,234.0500030517578,72.31311798095703,339.5899963378906,303.3860168457031,505.83642578125,174.65724182128906,652.76708984375
2025-09-17,238.3157958984375,231.6199951171875,72.18729400634766,336.9700012207031,305.8979187011719,506.81024169921875,170.0730743408203,651.9561767578125
2025-09-18,237.20892333984375,231.22999572753906,72.00342559814453,335.6199951171875,307.3501892089844,505.2501525878906,176.01551818847656,655.00244140625
2025-09-19,244.80740356445312,231.47999572753906,72.0324478149414,339.17999267578125,308.8710632324219,514.67041015625,176.4449462890625,658.2465209960938
2025-09-22,255.35755920410156,227.6300048828125,71.89696502685547,345.04998779296875,306.5749816894531,511.21234130859375,183.37611389160156,661.3607788085938
2025-09-23,253.7122344970703,220.7100067138672,72.04212951660156,346.4599914550781,306.8693542480469,506.0252685546875,178.2027130126953,657.7606201171875
2025-09-24,251.59820556640625,220.2100067138672,71.89696502685547,343.32000732421875,307.53662109375,506.9394226074219,176.74456787109375,655.6678466796875
2025-09-25,256.1453552246094,218.14999389648438,71.81954193115234,344.75,307.5660400390625,503.8390808105469,177.4636688232422,652.6429443359375
2025-09-26,254.73931884765625,219.77999877929688,71.81954193115234,346.739990234375,310.12701416015625,508.2411804199219,177.96302795410156,656.3820190429688
2025-09-29,253.7122344970703,222.1699981689453,72.00342559814453,352.4599914550781,309.7640075683594,511.36138916015625,181.61837768554688,658.2266845703125
2025-09-30,253.9116668701172,219.57000732421875,71.9743881225586,355.4700012207031,309.50885009765625,514.6903686523438,186.3423309326172,660.7061157226562
2025-10-01,254.72933959960938,220.6300048828125,72.15593719482422,356.0299987792969,304.8774719238281,516.4393310546875,187.00149536132812,662.9574584960938
2025-10-02,256.40460205078125,222.41000366210938,72.23360443115234,354.7900085449219,301.77679443359375,512.4942626953125,188.64939880371094,663.7210693359375
2025-10-03,257.2920837402344,219.50999450683594,72.14623260498047,357.6400146484375,304.210205078125,514.0940551757812,187.38099670410156,663.7112426757812
2025-10-06,255.96585083007812,220.89999389648438,71.9811782836914,364.3800048828125,304.8511047363281,525.2435302734375,185.30364990234375,666.0914916992188
2025-10-07,255.7564697265625,221.77999877929688,72.11709594726562,366.260009765625,303.38201904296875,520.682373046875,184.80429077148438,663.6219482421875
2025-10-08,257.33197021484375,225.22000122070312,72.11709594726562,372.29998779296875,299.773193359375,521.546875,188.86911010742188,667.5791625976562
2025-10-09,253.32330322265625,227.74000549316406,72.06855773925781,365.42999267578125,301.2522277832031,519.1123657226562,192.32470703125,665.6452026367188
2025-10-10,244.57806396484375,216.3699951171875,72.3501205444336,369.1199951171875,296.67718505859375,507.74432373046875,182.92669677734375,647.6542358398438
2025-10-13,246.96131896972656,220.07000732421875,72.46662139892578,378.0899963378906,303.6580810546875,510.81488037109375,188.0801239013672,657.5919189453125
2025-10-14,247.07101440429688,216.38999938964844,72.57342529296875,380.7900085449219,297.85052490234375,510.337890625,179.8006591796875,656.78857421875
2025-10-15,248.63658142089844,215.57000732421875,72.52487182617188,387.3900146484375,301.4100036621094,510.1987609863281,179.60093688964844,659.7044067382812
2025-10-16,246.75192260742188,214.47000122070312,72.7967300415039,396.45001220703125,294.3600769042969,508.3902282714844,181.5784149169922,655.2116088867188
2025-10-17,251.57826232910156,213.0399932861328,72.69963836669922,388.989990234375,293.3938293457031,510.347900390625,182.9866180419922,658.9308471679688
2025-10-20,261.5001525878906,216.47999572753906,72.7967300415039,403.1499938964844,298.1265869140625,513.53759765625,182.4073486328125,665.7840576171875
2025-10-21,262.0286865234375,222.02999877929688,72.88410186767578,377.239990234375,292.93035888671875,514.4021606445312,180.92922973632812,665.7741088867188
2025-10-22,257.72088623046875,217.9499969482422,72.88410186767578,377.2799987792969,289.99212646484375,517.2640380859375,180.05035400390625,662.3128051757812
2025-10-23,258.84771728515625,221.08999633789062,72.73845672607422,378.7900085449219,290.4161376953125,517.283935546875,181.92796325683594,666.2402954101562
2025-10-24,262.07855224609375,224.2100067138672,72.8355484008789,377.5199890136719,296.2334899902344,520.314697265625,186.02272033691406,671.6851806640625
2025-10-27,268.0516357421875,226.97000122070312,72.87437438964844,367.010009765625,299.89154052734375,528.1749877929688,191.24607849121094,679.6094970703125
2025-10-28,268.2410888671875,229.25,72.9132308959961,364.3800048828125,301.0846252441406,538.6585693359375,200.77394104003906,681.41455078125
2025-10-29,268.93914794921875,230.3000030517578,72.55400085449219,363.0,301.2325439453125,538.141845703125,206.77627563476562,681.7418823242188
2025-10-30,270.63433837890625,222.86000061035156,72.42778778076172,370.1300048828125,305.10748291015625,522.451171875,202.63156127929688,674.2440185546875
2025-10-31,269.60723876953125,244.22000122070312,72.40836334228516,368.1199951171875,306.7639465332031,514.5512084960938,202.23207092285156,676.45556640625
2025-11-03,268.2909851074219,254.0,72.32460021972656,368.7799987792969,305.0187683105469,513.776123046875,206.61647033691406,677.7251586914062
2025-11-04,269.2781982421875,249.32000732421875,72.36356353759766,362.32000732421875,304.920166015625,511.0931701660156,198.43690490722656,669.6917114257812
2025-11-05,269.3778991699219,250.1999969482422,72.15900421142578,366.510009765625,307.3161315917969,503.9682312011719,194.9613494873047,672.012451171875
2025-11-06,269.0089416503906,243.0399932861328,72.44149017333984,366.07000732421875,309.03179931640625,493.9715576171875,187.84042358398438,664.8021850585938
2025-11-07,267.7126159667969,244.41000366210938,72.40251922607422,368.30999755859375,309.8106994628906,493.6933288574219,187.91033935546875,665.4567260742188
2025-11-10,268.9303283691406,248.39999389648438,72.3830337524414,378.3800048828125,312.4532165527344,502.8155212402344,198.7964630126953,675.8406982421875
2025-11-11,274.73956298828125,249.10000610351562,72.58760070800781,379.8699951171875,311.2009582519531,505.4786682128906,192.91395568847656,677.3878784179688
2025-11-12,272.962890625,244.1999969482422,72.55836486816406,385.989990234375,315.92388916015625,507.9232177734375,193.5531463623047,677.7648315429688
2025-11-13,272.4438171386719,237.5800018310547,72.34407806396484,382.8699951171875,305.1469421386719,500.1225891113281,186.62196350097656,666.5180053710938
2025-11-14,271.90484619140625,234.69000244140625,72.2369384765625,375.9599914550781,299.3591003417969,506.96923828125,189.92776489257812,666.4088745117188
2025-11-17,266.9639892578125,232.8699951171875,72.27588653564453,371.6499938964844,296.1644592285156,504.296142578125,186.3623046875,660.2003173828125
2025-11-18,266.94403076171875,222.5500030517578,72.33433532714844,374.3500061035156,295.2179260253906,490.6824035644531,181.1289825439453,654.65625
2025-11-19,268.0619812011719,222.69000244140625,72.30511474609375,374.9599914550781,299.02386474609375,484.0543518066406,186.2823944091797,657.185302734375
2025-11-20,265.7562561035156,217.13999938964844,72.4122543334961,374.8500061035156,294.2023620605469,476.3088684082031,180.40989685058594,647.1683349609375
2025-11-21,270.98651123046875,220.69000244140625,72.58760070800781,374.2699890136719,293.84735107421875,470.0268249511719,178.6521453857422,653.6149291992188
2025-11-24,275.4083557128906,226.27999877929688,72.71422576904297,380.20001220703125,293.8276672363281,471.8985290527344,182.31747436523438,663.235107421875
2025-11-25,276.45635986328125,229.6699981689453,72.87982177734375,380.0799865722656,298.75762939453125,474.8752136230469,177.59349060058594,669.4735107421875
2025-11-26,277.0353088378906,229.16000366210938,72.95773315429688,383.1199951171875,303.33270263671875,483.3475036621094,180.03038024902344,674.09521484375
2025-11-28,278.3328857421875,233.22000122070312,72.84085845947266,387.8800048828125,308.696533203125,489.82867431640625,176.7745361328125,677.7747192382812
2025-12-01,282.57501220703125,233.8800048828125,72.5564956665039,389.75,304.5948181152344,484.5820007324219,179.69082641601562,674.6802978515625
2025-12-02,285.6592712402344,234.4199981689453,72.62488555908203,387.239990234375,303.5693359375,487.82757568359375,181.22885131835938,675.9300537109375
2025-12-03,283.623046875,232.3800048828125,72.73239135742188,386.8800048828125,307.75982666015625,475.6119689941406,179.36123657226562,678.2706298828125
2025-12-04,280.179443359375,229.11000061035156,72.59557342529297,387.1300048828125,311.67425537109375,478.7081604003906,183.1566162109375,678.7664794921875
2025-12-05,278.26300048828125,229.52999877929688,72.50762939453125,386.44000244140625,310.6291198730469,481.01788330078125,182.1877899169922,680.0557861328125
2025-12-08,277.3746643066406,226.88999938964844,72.40013122558594,385.4200134277344,310.79669189453125,488.8430480957031,185.323974609375,678.0127563476562
2025-12-09,276.6659851074219,227.9199981689453,72.35128784179688,387.3999938964844,296.30255126953125,489.8385925292969,184.7446746826172,677.4275512695312
2025-12-10,278.26300048828125,231.77999877929688,72.5662612915039,389.04998779296875,305.76806640625,476.4382629394531,183.55612182617188,681.92041015625
2025-12-11,277.514404296875,230.27999877929688,72.5662612915039,393.239990234375,312.9363098144531,481.3265075683594,180.70957946777344,683.5072021484375
2025-12-12,277.763916015625,226.19000244140625,72.34150695800781,395.44000244140625,314.0603332519531,476.4084167480469,174.80679321289062,676.1581420898438
2025-12-15,273.6016540527344,222.5399932861328,72.42945861816406,395.79998779296875,315.53936767578125,472.7148742675781,176.0752410888672,675.1365356445312
2025-12-16,274.1007385253906,222.55999755859375,72.5662612915039,395.8900146484375,311.1319274902344,474.2779235839844,177.50350952148438,673.2918701171875
2025-12-17,271.33587646484375,221.27000427246094,72.54671478271484,399.2900085449219,310.5699462890625,474.00909423828125,170.7317657470703,665.8832397460938
2025-12-18,271.68524169921875,226.75999450683594,72.70065307617188,398.57000732421875,308.6176452636719,481.8342590332031,173.9278564453125,670.9114990234375
2025-12-19,273.1625061035156,227.35000610351562,72.59281158447266,399.0199890136719,312.7686767578125,483.7656555175781,180.76951599121094,676.9923095703125
2025-12-22,270.4674987792969,228.42999267578125,72.57318878173828,408.2300109863281,318.56634521484375,482.7701110839844,183.4662322998047,681.2098999023438
2025-12-23,271.85491943359375,232.13999938964844,72.56340026855469,413.6400146484375,321.3666076660156,484.6915588378906,188.97950744628906,684.3233032226562
2025-12-24,273.3022155761719,232.3800048828125,72.73988342285156,411.92999267578125,324.5612487792969,485.8563232421875,188.38023376464844,686.7305297851562
2025-12-26,272.89300537109375,232.52000427246094,72.73988342285156,416.739990234375,323.31890869140625,485.5477294921875,190.2978973388672,686.660888671875
2025-12-29,273.2523498535156,232.07000732421875,72.84771728515625,398.6000061035156,319.2171325683594,484.9404296875,187.99070739746094,684.2138671875
2025-12-30,272.57354736328125,232.52999877929688,72.81829833984375,398.8900146484375,318.8917541503906,485.3187561035156,187.31153869628906,683.3783569335938
2025-12-31,271.3558349609375,230.82000732421875,72.6222152709961,396.30999755859375,317.70855712890625,481.4758605957031,186.27281188964844,678.3152465820312
2026-01-02,270.5074462890625,226.5,72.59281158447266,398.2799987792969,320.92291259765625,470.84320068359375,188.6199493408203,679.55859375
2026-01-05,266.764404296875,233.05999755859375,72.73006439208984,408.760009765625,329.3630676269531,470.75360107421875,187.89083862304688,684.0845336914062
2026-01-06,261.87347412109375,240.92999267578125,72.73006439208984,413.17999267578125,331.41326904296875,476.3885192871094,187.0119171142578,688.1529541015625
2026-01-07,259.84722900390625,241.55999755859375,72.80850219726562,409.2300109863281,323.8660888671875,481.3265075683594,188.87962341308594,685.9347534179688
2026-01-08,258.55963134765625,246.2899932861328,72.6810531616211,411.489990234375,326.63934326171875,475.9902648925781,184.81459045410156,685.8651123046875
2026-01-09,258.8890075683594,247.3800048828125,72.8379135131836,414.4700012207031,326.0450744628906,477.15509033203125,184.63479614257812,690.4010009765625
2026-01-12,259.7673645019531,246.47000122070312,72.769287109375,422.2300109863281,321.38995361328125,475.06439208984375,184.71470642089844,691.4852294921875
2026-01-13,260.5658874511719,242.60000610351562,72.82811737060547,421.6300048828125,307.9297790527344,468.5832824707031,185.58364868164062,690.1026000976562
2026-01-14,259.4779052734375,236.64999389648438,72.97518920898438,425.94000244140625,304.9287414550781,457.3433532714844,182.91688537597656,686.7106323242188
2026-01-15,257.7311706542969,238.17999267578125,72.8673324584961,423.3299865722656,306.30548095703125,454.6354064941406,186.8221435546875,688.5806884765625
2026-01-16,255.05612182617188,239.1199951171875,72.74967193603516,421.2900085449219,309.48480224609375,457.8211975097656,186.0031280517578,688.0037231445312
2026-01-20,246.2425079345703,231.0,72.48495483398438,437.2300109863281,299.8477478027344,452.5048522949219,177.8530731201172,673.9981689453125
2026-01-21,247.1907501220703,231.30999755859375,72.69085693359375,443.6000061035156,299.15447998046875,442.1409912109375,183.09669494628906,681.77685546875
2026-01-22,247.8894500732422,234.33999633789062,72.72026062011719,451.7900085449219,300.729248046875,449.1398620605469,184.6148223876953,685.3379516601562
2026-01-23,247.58001708984375,239.16000366210938,72.7987060546875,458.0,294.8757019042969,463.8841857910156,187.44137573242188,685.5865478515625
2026-01-26,254.93637084960938,238.4199981689453,72.8869400024414,464.70001220703125,298.16400146484375,468.1949768066406,186.2428436279297,689.0680541992188
2026-01-27,257.7910461425781,244.67999267578125,72.82811737060547,476.1000061035156,297.44097900390625,478.4493408203125,188.29034423828125,691.8134765625
2026-01-28,255.96444702148438,243.00999450683594,72.7987060546875,494.55999755859375,297.89654541015625,479.4946594238281,191.2866973876953,691.7438354492188
2026-01-29,257.801025390625,241.72999572753906,72.80850219726562,495.8999938964844,303.49261474609375,431.57806396484375,192.27548217773438,690.3711547851562
2026-01-30,258.99884033203125,239.3000030517578,72.77909088134766,444.95001220703125,302.9676818847656,428.3822937011719,190.8971710205078,688.3120727539062
2026-02-02,269.50927734375,242.9600067138672,72.70531463623047,427.1300048828125,305.1961975097656,421.49298095703125,185.38389587402344,691.7339477539062
2026-02-03,268.98028564453125,238.6199951171875,72.72499084472656,454.2900085449219,311.8420715332031,409.3868713378906,180.12030029296875,685.885009765625
2026-02-04,275.97723388671875,232.99000549316406,72.69548797607422,453.9700012207031,314.2389221191406,412.35369873046875,173.97779846191406,682.5626831054688
2026-02-05,275.3983459472656,222.69000244140625,73.01025390625,441.8800048828125,307.1968688964844,391.9246520996094,171.6706085205078,674.0379638671875
2026-02-06,277.6042175292969,210.32000732421875,73.02010345458984,455.4599914550781,319.3199462890625,399.3615417480469,185.1841278076172,686.96923828125
2026-02-09,274.3672180175781,208.72000122070312,73.0397720336914,467.0299987792969,319.0228271484375,411.76629638671875,189.80848693847656,690.2816772460938
2026-02-10,273.4280700683594,206.9600067138672,73.25617980957031,462.3999938964844,315.2392883300781,411.437744140625,188.31031799316406,688.4613037109375
2026-02-11,275.24639892578125,204.0800018310547,73.10862731933594,467.6300048828125,307.8505859375,402.5771789550781,189.8184814453125,688.3021850585938
2026-02-12,261.4891052246094,199.60000610351562,73.44310760498047,451.3900146484375,299.74871826171875,400.05841064453125,186.7122802734375,677.668701171875
2026-02-13,255.5445556640625,198.7899932861328,73.65950012207031,462.6199951171875,299.6595458984375,399.5407409667969,182.58731079101562,678.1461181640625
2026-02-17,263.6371154785156,201.14999389648438,73.64966583251953,448.20001220703125,304.19580078125,395.1004943847656,184.7446746826172,679.2402954101562
2026-02-18,264.106689453125,204.7899932861328,73.57096862792969,458.2799987792969,305.8300476074219,397.8283386230469,187.75099182128906,682.662109375
2026-02-19,260.3401184082031,204.86000061035156,73.60047912597656,459.55999755859375,305.1070251464844,397.5988464355469,187.6710968017578,680.8616333007812
2026-02-20,264.3364562988281,210.11000061035156,73.59062957763672,468.6199951171875,307.82086181640625,396.37152099609375,189.58877563476562,685.7855834960938
2026-02-23,265.9349670410156,205.27000427246094,73.74803924560547,481.2799987792969,294.82623291015625,383.6390686035156,191.31666564941406,678.7827758789062
2026-02-24,271.8895263671875,208.55999755859375,73.70868682861328,474.6099853515625,294.459716796875,388.1593017578125,192.61508178710938,683.7164916992188
2026-02-25,273.97760009765625,210.63999938964844,73.68901062011719,473.4200134277344,300.4023742675781,399.7342224121094,195.32176208496094,689.4859008789062
2026-02-26,272.6987609863281,207.9199981689453,73.79721069335938,477.4800109863281,303.20538330078125,400.851806640625,184.66476440429688,685.6561889648438
2026-02-27,263.93682861328125,210.0,73.94477844238281,483.75,297.4310607910156,391.8912048339844,176.97415161132812,682.3637084960938
2026-03-02,264.476318359375,208.38999938964844,73.64679718017578,490.0,294.7172546386719,397.6886291503906,182.25770568847656,682.751708984375
2026-03-03,263.5072326660156,208.72999572753906,73.5678482055664,468.1400146484375,297.3914489746094,403.0570068359375,179.83065795898438,676.7337036132812
2026-03-04,262.2783508300781,216.82000732421875,73.51852416992188,471.79998779296875,296.52978515625,404.32427978515625,182.8170166015625,681.5082397460938
2026-03-05,260.0504150390625,218.94000244140625,73.35077667236328,466.1300048828125,290.74554443359375,409.79241943359375,183.1166534423828,677.70849609375
2026-03-06,257.2229919433594,213.2100067138672,73.25211334228516,473.510009765625,286.7144470214844,408.0761413574219,177.60337829589844,668.82568359375
2026-03-09,259.6407775878906,213.49000549316406,73.45931243896484,472.5299987792969,287.1502685546875,408.5251770019531,182.427490234375,674.6845703125
2026-03-10,260.58990478515625,214.3300018310547,73.23238372802734,477.8599853515625,285.97161865234375,404.8830871582031,184.544921875,673.6002807617188
2026-03-11,260.5699157714844,212.64999389648438,72.90676879882812,476.239990234375,284.7731628417969,404.0049743652344,185.8134307861328,672.7548217773438
2026-03-12,255.52456665039062,209.52999877929688,72.64037322998047,466.8800048828125,280.18743896484375,400.9914855957031,182.9268035888672,662.5390625
2026-03-13,249.8897705078125,207.6699981689453,72.57129669189453,460.8399963378906,280.7321472167969,394.69512939453125,180.0401611328125,658.7890014648438
2026-03-16,252.58729553222656,211.74000549316406,72.84756469726562,460.42999267578125,283.4261474609375,399.08563232421875,183.0067138671875,665.493408203125
2026-03-17,253.99598693847656,215.1999969482422,72.9955825805664,459.2699890136719,284.1492004394531,398.5467834472656,181.71820068359375,667.2440185546875
2026-03-18,249.70994567871094,209.8699951171875,72.69956970214844,444.739990234375,284.99102783203125,390.9432678222656,180.1899871826172,657.9335327148438
2026-03-19,248.73085021972656,208.75999450683594,72.77850341796875,426.4100036621094,285.2188720703125,388.1792297363281,178.3521270751953,656.3121948242188
2026-03-20,247.76173400878906,205.3699951171875,72.19635009765625,413.3800048828125,283.82232666015625,381.0447082519531,172.4989471435547,646.9034423828125
2026-03-23,251.25851440429688,210.13999938964844,72.47262573242188,404.0400085449219,287.14031982421875,382.1722717285156,175.43553161621094,653.6959228515625
2026-03-24,251.4083709716797,207.24000549316406,72.28515625,404.1300048828125,289.6065368652344,371.9344177246094,174.99603271484375,651.5015869140625
2026-03-25,252.38746643066406,211.7100067138672,72.56143188476562,416.2900085449219,292.59771728515625,370.2381286621094,178.47198486328125,655.1322021484375
2026-03-26,252.6572265625,207.5399932861328,72.13715362548828,400.6400146484375,288.87359619140625,365.1790771484375,171.04066467285156,643.432373046875
2026-03-27,248.57098388671875,199.33999633789062,72.13715362548828,414.70001220703125,280.13787841796875,355.9989318847656,167.32498168945312,632.4606323242188
2026-03-30,246.40298461914062,200.9499969482422,72.50223541259766,414.5799865722656,281.0589904785156,358.1842041015625,164.97772216796875,630.3460693359375
2026-03-31,253.55638122558594,208.27000427246094,72.66009521484375,430.2900085449219,291.3497314453125,369.3699951171875,174.1969757080078,648.6688842773438
2026-04-01,255.3946990966797,210.57000732421875,72.68980407714844,437.82000732421875,292.5580749511719,368.57171630859375,175.54541015625,653.5562744140625
2026-04-02,255.68443298339844,209.77000427246094,72.84821319580078,429.4100036621094,291.7855224609375,372.6528625488281,177.18348693847656,654.144775390625
2026-04-06,258.6217041015625,212.7899932861328,72.73930358886719,427.6499938964844,294.125,372.0741271972656,177.43319702148438,657.23681640625
2026-04-07,253.26666259765625,213.77000427246094,72.84821319580078,431.80999755859375,296.0662536621094,371.48541259765625,177.89266967773438,657.5260009765625
2026-04-08,258.66168212890625,221.25,72.98681640625,434.5299987792969,306.5888366699219,373.52099609375,181.8680419921875,674.27294921875
2026-04-09,260.2502136230469,233.64999389648438,73.01651763916016,437.9100036621094,308.938232421875,372.26373291015625,183.69590759277344,678.162841796875
2026-04-10,260.240234375,238.3800048828125,72.90760803222656,437.1300048828125,308.4803161621094,370.0684814453125,188.41041564941406,677.7140502929688
2026-04-13,258.96142578125,239.88999938964844,73.06602478027344,435.3599853515625,312.2732238769531,383.539306640625,189.08961486816406,684.3369750976562
2026-04-14,258.59173583984375,249.02000427246094,73.2442398071289,445.0899963378906,309.7247009277344,392.2604064941406,196.28123474121094,692.675537109375
2026-04-15,266.18475341796875,248.5,73.14522552490234,440.4599914550781,304.5579833984375,410.3312683105469,198.63848876953125,698.1414184570312
2026-04-16,263.15753173828125,249.6999969482422,73.03632354736328,440.0799865722656,308.5599670410156,419.35174560546875,198.1190948486328,699.8569946289062
2026-04-17,269.98126220703125,250.55999755859375,73.32343292236328,445.92999267578125,308.8984375,421.87628173828125,201.44520568847656,708.3152465820312
2026-04-20,272.79864501953125,248.27999877929688,73.27393341064453,442.0899963378906,315.5683898925781,417.1664733886719,201.82476806640625,706.8988037109375
2026-04-21,265.9250183105469,249.91000366210938,73.04621887207031,429.57000732421875,311.5962829589844,423.2433166503906,199.64732360839844,702.2708129882812
2026-04-22,272.9185791015625,255.36000061035156,73.12541961669922,435.260009765625,311.6161804199219,431.984375,202.26426696777344,709.3825073242188
2026-04-23,273.1783142089844,255.0800018310547,72.99671936035156,431.0400085449219,310.29217529296875,414.8514709472656,199.4075927734375,706.6295776367188
2026-04-24,270.81048583984375,263.989990234375,73.12541961669922,433.25,306.8974609375,423.7023010253906,208.0275421142578,712.10546875
2026-04-27,267.3636474609375,261.1199951171875,73.00662231445312,429.8900146484375,310.232421875,423.9018859863281,216.3578338623047,713.332275390625
2026-04-28,270.4608154296875,259.70001220703125,72.98681640625,421.9100036621094,310.0532531738281,428.3222961425781,212.92184448242188,709.8612060546875
2026-04-29,269.92132568359375,263.0400085449219,72.66009521484375,417.4100036621094,307.86309814453125,423.5426330566406,209.00640869140625,709.7515258789062
2026-04-30,271.1002502441406,265.05999755859375,72.76900482177734,423.6600036621094,311.82525634765625,406.8987121582031,199.33767700195312,716.8132934570312
2026-05-01,279.88214111328125,268.260009765625,72.87032318115234,423.17999267578125,311.06866455078125,413.5443115234375,198.21897888183594,718.7982177734375
2026-05-04,276.5751647949219,272.04998779296875,72.62199401855469,414.7099914550781,306.270263671875,412.72607421875,198.24893188476562,716.1649780273438
2026-05-05,283.9184265136719,273.54998779296875,72.75112915039062,418.2699890136719,308.0124206542969,410.4909362792969,196.271240234375,721.9102172851562
2026-05-06,287.245361328125,274.989990234375,73.05905151367188,430.9599914550781,313.4877624511719,413.0653381347656,207.5880584716797,731.9443359375
2026-05-07,287.1754150390625,271.1700134277344,72.87032318115234,431.67999267578125,304.8964538574219,419.8606262207031,211.2537841796875,729.7001342773438
2026-05-08,293.0500183105469,272.67999267578125,73.05905151367188,433.7699890136719,300.74517822265625,414.22283935546875,214.94947814941406,735.724609375
2026-05-11,292.67999267578125,268.989990234375,72.88026428222656,434.6499938964844,298.6545715332031,411.7681579589844,219.18453979492188,737.4002685546875
2026-05-12,294.79998779296875,265.82000732421875,72.66172790527344,432.92999267578125,303.5126953125,406.8887023925781,220.52297973632812,736.2831420898438
2026-05-13,298.8699951171875,270.1300048828125,72.6915283203125,430.5,298.9034729003906,404.3342590332031,225.56710815429688,740.4025268554688
2026-05-14,298.2099914550781,267.2200012207031,72.67166137695312,427.2099914550781,298.56500244140625,408.5451354980469,235.465576171875,746.2474975585938
2026-05-15,300.2300109863281,264.1400146484375,72.25445556640625,417.2900085449219,296.4743957519531,421.0081481933594,225.05770874023438,737.2706298828125
2026-05-18,297.8399963378906,264.8599853515625,72.20479583740234,418.42999267578125,299.3813171386719,422.6246643066406,222.0612030029297,736.751953125
2026-05-19,298.9700012207031,259.3399963378906,71.96640014648438,411.5,294.3738708496094,416.51788330078125,220.35317993164062,731.8446044921875
2026-05-20,302.25,265.010009765625,72.36372375488281,417.3999938964844,300.625732421875,420.1499938964844,223.20985412597656,739.3452758789062
2026-05-21,304.989990234375,268.4599914550781,72.44319915771484,416.989990234375,301.6411437988281,419.0899963378906,219.25445556640625,740.8114624023438
2026-05-22,308.82000732421875,266.32000732421875,72.51272583007812,413.82000732421875,305.0059814453125,418.57000732421875,215.07933044433594,743.7239990234375
2026-05-26,308.3299865722656,265.2900085449219,72.72132873535156,414.0,305.3643493652344,416.0299987792969,214.60987854003906,748.6613159179688
2026-05-27,310.8500061035156,271.8500061035156,72.79085540771484,408.489990234375,297.93780517578125,412.6700134277344,212.35250854492188,748.5316162109375
2026-05-28,312.510009765625,274.0,72.92992401123047,412.7699890136719,295.3992614746094,426.989990234375,214.00057983398438,752.6609497070312
2026-05-29,312.05999755859375,270.6400146484375,72.96965789794922,417.1199951171875,297.9676818847656,450.239990234375,210.8942108154297,754.5361328125
2026-06-01,306.30999755859375,261.260009765625,72.936767578125,411.260009765625,295.2499084472656,460.5199890136719,224.09881591796875,756.5908203125
2026-06-02,315.20001220703125,256.5199890136719,72.95669555664062,411.95001220703125,299.6102600097656,441.30999755859375,222.56060791015625,757.6182250976562
2026-06-03,310.260009765625,250.02000427246094,72.8171615600586,407.8699951171875,299.50079345703125,427.3399963378906,214.5,752.3018798828125
2026-06-04,311.2300109863281,253.7899932861328,72.91683197021484,411.2699890136719,309.4957580566406,428.04998779296875,218.66000366210938,755.1445922851562
2026-06-05,307.3399963378906,246.02999877929688,72.58792877197266,396.239990234375,310.9691162109375,416.6700134277344,205.10000610351562,735.65478515625
2026-06-08,301.5400085449219,245.22000122070312,72.5679931640625,397.2699890136719,309.7147521972656,411.739990234375,208.63999938964844,737.3204345703125
2026-06-09,290.54998779296875,244.19000244140625,72.72746276855469,390.7799987792969,311.2976379394531,403.4100036621094,208.19000244140625,735.1560668945312
2026-06-10,291.5799865722656,238.0,72.66766357421875,374.5799865722656,307.75360107421875,397.3599853515625,200.4199981689453,723.56591796875
2026-06-11,295.6300048828125,241.50999450683594,73.08626556396484,386.32000732421875,312.0840759277344,390.3399963378906,204.8699951171875,735.8642578125
2026-06-12,291.1300048828125,238.5500030517578,72.99656677246094,386.5400085449219,319.28167724609375,390.739990234375,205.19000244140625,739.843994140625
2026-06-15,296.4200134277344,246.02000427246094,73.05636596679688,396.54998779296875,317.96759033203125,399.760009765625,212.4499969482422,752.890380859375
2026-06-16,299.239990234375,246.0,73.16600036621094,397.6300048828125,329.6549377441406,393.8299865722656,207.41000366210938,748.4019775390625
2026-06-17,295.95001220703125,237.5,72.89689636230469,388.6000061035156,331.9645080566406,378.9100036621094,204.64999389648438,739.0560302734375
2026-06-18,298.010009765625,244.38999938964844,73.09622955322266,387.1199951171875,323.761474609375,379.3999938964844,210.69000244140625,746.739990234375
2026-06-22,297.010009765625,232.7899932861328,72.89689636230469,384.5899963378906,329.993408203125,367.3399963378906,208.64999389648438,744.3900146484375
2026-06-23,294.29998779296875,234.11000061035156,72.97663116455078,377.32000732421875,332.6414794921875,373.94000244140625,200.0399932861328,733.5800170898438
2026-06-24,293.0799865722656,234.27000427246094,73.30553436279297,365.9200134277344,331.95458984375,365.4599914550781,199.0,733.239990234375
2026-06-25,275.1499938964844,227.00999450683594,73.3553695678711,369.4599914550781,333.6170654296875,352.8299865722656,195.74000549316406,734.2999877929688
2026-06-26,283.7799987792969,232.69000244140625,73.42513275146484,373.6300048828125,327.57427978515625,372.9700012207031,192.52999877929688,728.989990234375
2026-06-29,281.739990234375,240.13999938964844,73.46500396728516,368.5799865722656,327.91278076171875,368.57000732421875,194.97000122070312,741.0
2026-06-30,289.3599853515625,238.33999633789062,73.16600036621094,368.3800048828125,325.86199951171875,373.0199890136719,200.08999633789062,746.77001953125
2026-07-01,294.3800048828125,241.6999969482422,73.05999755859375,370.6000061035156,332.5718078613281,384.2799987792969,197.5800018310547,745.760009765625
2026-07-02,308.6300048828125,242.6699981689453,73.11000061035156,378.1300048828125,332.9700012207031,390.489990234375,194.8300018310547,744.780029296875
2026-07-06,312.6600036621094,244.16000366210938,73.13999938964844,382.1300048828125,337.7200012207031,386.739990234375,195.5500030517578,751.280029296875
2026-07-07,310.6600036621094,245.97999572753906,72.8499984741211,377.489990234375,339.2200012207031,388.8399963378906,196.92999267578125,747.7100219726562
2026-07-08,313.3900146484375,243.6199951171875,72.69999694824219,374.45001220703125,330.6199951171875,383.3399963378906,204.1199951171875,745.4000244140625
2026-07-09,316.2200012207031,247.0399932861328,72.83000183105469,378.17999267578125,335.4700012207031,384.3599853515625,202.77999877929688,751.7100219726562
2026-07-10,315.32000732421875,245.33999633789062,72.7699966430664,377.010009765625,336.4700012207031,385.1000061035156,210.9600067138672,754.9500122070312
2026-07-13,317.30999755859375,247.30999755859375,72.5,367.1300048828125,334.5299987792969,390.989990234375,203.52999877929688,749.1699829101562
2026-07-14,314.8599853515625,247.49000549316406,72.69999694824219,372.1499938964844,342.8900146484375,384.92999267578125,211.8000030517578,751.8300170898438
2026-07-15,327.5,254.9600067138672,72.81999969482422,372.3500061035156,346.9100036621094,395.6300048828125,212.5,754.8099975585938
2026-07-16,333.260009765625,249.88999938964844,72.80999755859375,364.9599914550781,343.1499938964844,401.1000061035156,207.39999389648438,750.719970703125
2026-07-17,333.739990234375,247.22999572753906,72.86000061035156,368.4100036621094,341.1000061035156,393.82000732421875,202.80999755859375,743.2899780273438
