Date,AAPL,AMZN,BND,GLD,JPM,MSFT,NVDA,SPY
2023-01-04,0.010314220150760667,-0.007923564525679994,0.005676464025537342,0.0094119059589024,0.009325068307438622,-0.04374310622797095,0.030317844851939446,0.007720202438144863
2023-01-05,-0.010604542556603258,-0.023725589118479662,-0.001101316072706915,-0.012451461859522062,-0.0002216323023582767,-0.029637790177517997,-0.03281580905129622,-0.011413368099189136
2023-01-06,0.036793991887494215,0.035611152390083056,0.011026496285164944,0.01870749684189077,0.019135788249503127,0.011785314435529548,0.04164042953012226,0.022932199798045172
2023-01-09,0.004089006509871318,0.01486987397850048,0.002727562842169906,0.0022451175785793698,-0.004132441992925284,0.009736501943665488,0.05175306607742258,-0.0005670503529199289
2023-01-10,0.004456274693616535,0.028731709234134817,-0.003943154639056368,0.0036760446135073455,0.008953842773136156,0.007616916026534248,0.017980511551290324,0.007012784756806445
2023-01-11,0.021112136950417915,0.058083825879343465,0.005323452531514228,-0.000686793935011365,0.007431499118761398,0.03023824022338717,0.0057828836736495415,0.01264783977305628
2023-01-12,-0.0005992515110321284,0.0018929468094222024,0.007739023238932052,0.011568000967502767,-0.001002408172505187,0.011621424977587003,0.031873061839255756,0.0036409050844610213
2023-01-13,0.010119057935200848,0.029915043601747016,-0.003368349990214181,0.012001783992939385,0.02523464081110771,0.0030187558962131433,0.02349939975642923,0.003879432783205017
2023-01-17,0.008756668258439237,-0.02109661268732821,-0.0013512382742395523,-0.00654507834469964,-0.01545347233836436,0.004681651256865482,0.04751773667383885,-0.0018317470899560373
2023-01-18,-0.005370031382544216,-0.006142675153973931,0.009205095058611557,-0.0028717524486322477,-0.030042795181198456,-0.018889153398353953,-0.018359417604264183,-0.01578814385562799
2023-01-19,0.0004436925364510458,-0.01864654092151996,-0.002012481075292616,0.015868520044824974,-0.01332637653397939,-0.016453857059878674,-0.03521908660332851,-0.00727980952621643
2023-01-20,0.019220826359020338,0.03810845093076898,-0.004435199693941239,-0.003335405556458948,0.002448739903658348,0.035743564662997995,0.06406204373195101,0.018629199622007375
2023-01-23,0.02350040074704074,0.002776315095798454,-0.002430370385174241,0.0018964337632443318,0.016212707191791687,0.00982434565934276,0.07590131973316017,0.011998494655591996
2023-01-24,0.010062957403405681,-0.012305137300550828,0.004466046215845898,0.003618515163479552,0.008596467245022055,-0.0022262097446424933,0.0037511633058282534,-0.001073400297770144
2023-01-25,-0.004700947429585156,0.008928577793566816,0.0012127879496606209,0.004603959599926544,0.004839055079353116,-0.005908028080461092,0.0030107119308713237,0.0003749055259607559
2023-01-26,0.014803683178077343,0.02099198301215366,-0.001883730163168118,-0.009055266877154966,0.006181786664038347,0.0307137364475778,0.02478899389881062,0.010990476615651001
2023-01-27,0.013684324786024549,0.03043737760442866,-0.0010787988882173805,-0.0013929904624704337,0.002428974417662433,0.0006450026029807265,0.02843149965348757,0.0022975584626789836
2023-01-30,-0.020078451205447156,-0.01652968356145279,-0.0028342189318160127,-0.002566715270248765,-0.00848057503447619,-0.021961420911477236,-0.05907173946325195,-0.01254667268776466
2023-01-31,0.00902103178396918,0.025658817736008643,0.004601632787547549,0.0036362115419990015,0.005965682701529307,0.021012677592561646,0.01956986812328454,0.014703162942786951
2023-02-01,0.007900843738916086,0.019586971068148662,0.006428779208442981,0.012596814339808304,-0.0026435826791149086,0.019934481376334467,0.07196604485227742,0.010627888384401762
2023-02-02,0.03706262986378661,0.07379935352944922,0.0006711283393010525,-0.02075193653580043,-0.004656572725503905,0.0468842300316521,0.0365752598550122,0.01455713580045881
2023-02-03,0.02440009367041518,-0.08431497620839845,-0.008850728984730272,-0.024957770292002968,0.015474128674007437,-0.023620443563295734,-0.028052839717896294,-0.010629428721236178
2023-02-06,-0.01792899052291641,-0.011703250716856073,-0.0062241466321871775,0.0020754098721176284,0.00588292669888113,-0.006115878225000038,-0.0005212018536050467,-0.006111296226851026
2023-02-07,0.01924446190799478,-0.0006850625818668465,-0.00136157540152948,0.000920425708082595,0.012189924172380406,0.042022262118492026,0.051401094451087204,0.013078846260476729
2023-02-08,-0.017652728101910542,-0.02017429777965274,0.0017726968422306921,0.002471594120761589,-0.00703132286512731,-0.003102037732856666,0.001443281228878046,-0.010934955574797178
2023-02-09,-0.006911290095227174,-0.01809100582487666,-0.004082939895373117,-0.007912418174625069,-0.015563372564617373,-0.011660131026590692,0.005944470581753292,-0.008669358238991398
2023-02-10,0.002456182142568375,-0.006412838631079665,-0.004235984484028066,0.0019071943211166342,0.004415254165414106,-0.001972334455347058,-0.04799198223782586,0.0023339016840093763
2023-02-13,0.01880675367006468,0.019772567289289666,0.002744706286561316,-0.005076170279846859,0.010848120334259193,0.031242983993783335,0.02459415977699919,0.01173893540026616
2023-02-14,-0.004224749843447562,0.0016073541414833858,-0.003421166841747425,0.0007537389032514774,0.0044188608601789525,0.0031328532447623125,0.05429607437677553,-0.0004602282896214449
2023-02-15,0.013903126653580955,0.014643999584324163,-0.002197366907379261,-0.00996466725346834,0.004189891220379494,-0.007992990449972481,-0.009011445554435116,0.003247600033784659
2023-02-16,-0.010429421110071613,-0.02975486385196624,-0.0038535038584959214,-0.0008192368783922488,-0.013768812592177992,-0.02662263263509257,-0.03347359811494888,-0.013768953936960537
2023-02-17,-0.007546460401117061,-0.009679109147912035,0.0022106056811384,0.002986790669610162,0.00296125237999445,-0.015601908477696935,-0.027906624365367616,-0.002498216899446848
2023-02-21,-0.026679721461595363,-0.02695468312187932,-0.008684934129318367,-0.003737004613899475,-0.01834928103085487,-0.020886351646315915,-0.034271632620739734,-0.020061101695672323
2023-02-22,0.002895857247208644,0.012793392483054111,0.002224753886338693,-0.005626488586046308,-0.007662997053545451,-0.004590994852470276,0.004793080343095335,-0.0013779972599998747
2023-02-23,0.0032904816699548256,0.000313172345862478,0.003607761642556717,-0.0005304511136865475,0.008010820125265772,0.012961662723660172,0.1402137801131993,0.005319389183182643
2023-02-24,-0.018005315080568796,-0.024212061179431754,-0.005530036672089289,-0.00719467575637045,0.009021103401444464,-0.021784326187691883,-0.015973511791188555,-0.010682298233522736
2023-02-27,0.008247647184251417,0.0027807715104863906,0.0016681763778949588,0.003920334893926292,0.008728015939412304,0.003771853667906333,0.009232850065147957,0.003405942169356413
2023-02-28,-0.0034480461421017017,0.005012811540044737,0.00027736659239252504,0.00455596886271592,0.008370692905999677,-0.0029582110913954907,-0.012127079494392956,-0.0036959433775504147
2023-03-01,-0.01424573084247549,-0.02186145722806776,-0.005923921369801466,0.005772150633673867,-0.005580868652565241,-0.012629375027065959,-0.022312275687441763,-0.0038360261710301824
2023-03-02,0.004128953697350557,-0.00043399062951077205,-0.0020989972067214646,-0.0005855636445488699,-0.010381976293207251,0.01965319065437021,0.027139094269247988,0.007777193657935388
2023-03-03,0.03508999771480226,0.030066258059702422,0.007710780179617238,0.010723085619275707,0.018359354984932796,0.016646107220317896,0.024706073252126926,0.016037836135675665
2023-03-06,0.01853968807626516,-0.012118034851298809,-0.0023649471166968805,-0.005043830646819902,-0.005846997108797325,0.006188990853928322,-0.014064206595414963,0.0006929784214131374
2023-03-07,-0.01449635042966102,-0.0021333007812499583,-0.0011154343588267723,-0.017480480627863337,-0.02940750683592508,-0.010588969815491178,-0.01112541018071933,-0.01532894745667368
2023-03-08,0.008377035696122581,0.003955051898638651,-0.0008376603227545631,-0.00047445044105887124,-0.005915500184354161,-0.001770565812373448,0.03834580301608126,0.0016321427380827647
2023-03-09,-0.014914661294592513,-0.017781071140368643,0.0033530891617601366,0.009849316056938173,-0.05413655410981677,-0.005439526340334178,-0.030809175070709016,-0.018449874810535727
2023-03-10,-0.01387884717423149,-0.0164769283801236,0.011975872587255632,0.021562856843419187,0.025395109987651043,-0.014782749230158876,-0.020097365408979218,-0.01442945232930426
2023-03-13,0.013266087162656204,0.01873687738723384,0.00798128562110545,0.022948211912439564,-0.01795718759649434,0.021441019909689496,4.344345110784964e-05,-0.0014251425514716365
2023-03-14,0.01408926838199176,0.0265065123894086,-0.006279701509497526,-0.005791064746217711,0.025676308942924386,0.0270556972597773,0.047766412880273945,0.01652997012636037
2023-03-15,0.002621376504948536,0.01391230747297123,0.01030356701272317,0.007804133170404848,-0.04724436005834287,0.017830432704430965,0.006857048905847485,-0.0062543100020726605
2023-03-16,0.018693797911440324,0.03991688242309577,-0.004759043612322267,0.002020092008242713,0.019413885473028802,0.040536514390289824,0.054193602131702434,0.017545198774913118
2023-03-17,-0.005453608586669767,-0.010895681300578386,0.007241395508236881,0.02912021467748982,-0.03778212253045932,0.01169434866474739,0.007203992569867701,-0.011692762177070049
2023-03-20,0.015483608486970724,-0.012531560404374087,-0.004340787718906558,0.0003808677357699519,0.010571511906254383,-0.025766685299287717,0.006802606864807492,0.009615525719613327
2023-03-21,0.011944146396684507,0.029679680207260972,-0.0027244386656166686,-0.018875115806276432,0.026820847510680368,0.0056936938097353895,0.011544466659690666,0.013130585153952712
2023-03-22,-0.009103371904206181,-0.018984232685839597,0.00887943889545717,0.01702060989813825,-0.02581385778637979,-0.005442127394953422,0.010267516875191784,-0.01704642638925047
2023-03-23,0.006969451783712,0.00010133876939955044,0.002302035183451734,0.012538176085624908,-0.0026734377455829295,0.01972139845319476,0.027316145356444554,0.002703491648537115
2023-03-24,0.008305379661685874,-0.005875816395847999,0.0020263300679466134,-0.011252350246951037,-0.015215975701906248,0.010480486819221646,-0.01515218610381619,0.006561991267768352
2023-03-27,-0.012293089578676253,-0.0009171134251457769,-0.010381497555593144,-0.009256722051406152,0.028660620906074907,-0.014933907039129113,-0.009261046194604883,0.0018697594033481035
2023-03-28,-0.003980423076821449,-0.00815996577200262,-0.0017708616542067013,0.008189093257242153,0.0030352687062746853,-0.004160725200922366,-0.004560634437357214,-0.0022446881714187628
2023-03-29,0.01979098432554438,0.0309543624265336,0.0010912148093809027,-0.00496077000653139,0.002017260811878918,0.019183697798376587,0.02173432891685345,0.0145348900290998
2023-03-30,0.009889646551894504,0.0174563591022443,0.001363383371045801,0.009039576549164652,-0.0030199916182857,0.0126198379566822,0.014786356066305073,0.005855257607331188
2023-03-31,0.015644315744651527,0.012647067799287592,0.005173826395559411,-0.005212246135594234,0.012116686848297809,0.014962018778602815,0.014388524860543095,0.014094717871337092
2023-04-03,0.007701576546526034,-0.008519675143944028,0.004250174041575017,0.007204410308019105,-0.001151276968615389,-0.003711345579962888,0.006768236428710717,0.0038104826950544624
2023-04-04,-0.003249594721429605,0.015037527888523972,0.004056237631862913,0.018640958960437715,-0.013367981768271031,-0.00017385439220507504,-0.01830868102549721,-0.005548032308860806
2023-04-05,-0.011290220433904152,-0.027417013542964663,0.0026930411155512424,-0.0007979247786651378,0.0014909947830639148,-0.009889510767164822,-0.020835564055933342,-0.0026182148960579577
2023-04-06,0.00549579059113392,0.009495540049077267,-0.000268384574201197,-0.007134091065472581,-0.001097032738646364,0.02553282386601685,0.005803394184291211,0.003900852753807138
2023-04-10,-0.015972217125270083,0.0010778033801970288,-0.006717073390960504,-0.007399886547073353,0.003294776998554072,-0.007578867126372568,0.02004651442265204,0.0010263587481640357
2023-04-11,-0.007591375588392069,-0.022022120390757682,0.00040569870675111197,0.006320556237305208,0.004926288538180668,-0.022668439186890987,-0.014866250798438285,0.0002686490654566498
2023-04-12,-0.004352900298685514,-0.020916697119598093,0.0010812308206442633,0.004885138866613126,-0.00015572785436901437,0.002333568450234358,-0.0248077148323117,-0.004076145473547843
2023-04-13,0.034103383511583374,0.046713683014299345,-0.0005397413280979757,0.013515672558895409,0.0038133403884761385,0.02239951142394414,-0.0012080012880730795,0.013282777690855285
2023-04-14,-0.0021140155233070335,0.001074224694457282,-0.004458580528995282,-0.017710313033589165,0.07550975513152247,-0.012765467918092077,0.011147839398773174,-0.0024427150786557883
2023-04-17,0.00012135691283776673,0.0022436418178335416,-0.005429529909310338,-0.0044537552497120325,0.007929058790850707,0.009295772397948987,0.009118815888917942,0.0035881737345806464
2023-04-18,0.0075044610132897205,-0.004282604839014548,0.001501351098695869,0.003880780603893852,0.011227673260987725,-0.0014888627989189107,0.024627688964157235,0.0006522692240453765
2023-04-19,0.006968485450366435,0.019550341547772243,-0.0013631273296078605,-0.004778520212877502,-0.0012727823514323555,0.00027761022005146074,0.009542149525130661,-0.00016910179390672297
2023-04-20,-0.00584640568335848,-0.0046980391066805405,0.004366812227074135,0.00393825919904689,-0.0029033781594560715,-0.008112391275537867,-0.029608720571860925,-0.005456931133220433
2023-04-21,-0.009781043600776251,0.03034391291745231,-0.0017655198183103016,-0.00988766926809792,-0.0019172894166440413,-0.0012232765932441714,0.0005534085432090663,0.0007769576515237464
2023-04-24,0.001878503180272828,-0.007011967150520215,0.003946458796597829,0.003039335460481629,0.0013518040967746003,-0.013962586465005589,-0.0028393720144678225,0.0010430069515541263
2023-04-25,-0.009435633242578567,-0.03427172037496595,0.006506368415975183,0.005086318131183543,-0.02174374955320424,-0.02253645853588071,-0.029620606462825605,-0.01587375705628946
2023-04-26,-6.1022770007967964e-05,0.023496184744855597,-0.003501414017000659,-0.0054373863086726315,-0.017723619211573727,0.07243515863083871,0.027247486647530517,-0.004235687700674062
2023-04-27,0.028395107283630372,0.046103983455159314,-0.0043247981619520814,5.410039265330013e-05,0.013458605472133511,0.03202766403260249,0.010016258774516285,0.019907997056736182
2023-04-28,0.0075412448629363915,-0.039792412663683385,0.005565139515255613,0.0002706525128974846,0.008682906588565631,0.007971649783125478,0.019209709262931973,0.008535321104913729
2023-05-01,-0.0005305325112788806,-0.032242712137328766,-0.01028411020506148,-0.004491351825477108,0.021412105053337127,-0.005533150195840331,0.041839274771485746,-0.0010098035026345764
2023-05-02,-0.006191339214802527,0.015482549283793778,0.00984396777668528,0.019296640909943763,-0.016147338580370874,-0.0004906854298599717,-0.02421300094604506,-0.011239202411470028
2023-05-03,-0.0064671854780852245,0.00019303553981586674,0.004197436588315284,0.008479075840785555,-0.021163165443148335,-0.0033068075253089857,-0.014462989234127255,-0.006863977183122594
2023-05-04,-0.009913451381543092,0.0033767339022539034,-0.0013486355960261598,0.00703295344911492,-0.013678620813344144,0.003317778781149805,-0.008632439800090874,-0.007082928354303686
2023-05-05,0.046926795186406745,0.015961573674128537,-0.003645168557067091,-0.015647950479605433,0.019535041203477155,0.01715730595545195,0.040563038014850505,0.01851244938618324
2023-05-08,-0.00040330917049002935,0.0016089169321718,-0.004742613310059429,0.0012269055761324754,0.002413095177584257,-0.0064382622023426705,0.016422593117550344,0.0002666058250597736
2023-05-09,-0.009971328311992544,0.00746481056277859,-0.0010888079484965285,0.007086162362163639,-0.004814871665683285,-0.005345734119185264,-0.01989631021047744,-0.004385421287854352
2023-05-10,0.010421111965931651,0.03348339526223332,0.00613292957444278,-0.001428442843921074,0.0005127096098311856,0.017296167355407732,0.010990207750982917,0.004672369327939574
2023-05-11,0.0010944787830466929,0.01805969525073481,0.0032512134119435654,-0.008582755587748347,-0.003150378836707768,-0.007044016305283285,-0.010628495157695483,-0.0017438744139337548
2023-05-12,-0.005417454116702469,-0.01711533396079623,-0.005265941386010997,-0.0017100802429794726,-0.014332940219020096,-0.003676168457822482,-0.008328081676126975,-0.001310190618347029
2023-05-15,-0.0028972882013644785,0.008525256609829501,-0.002578589063104486,0.0021412620336231925,0.008426479676185261,0.001585917225274125,0.021630240510151832,0.0034499132616412354
2023-05-16,0.0,0.01978421437062372,-0.002450245648853544,-0.0124993937971285,-0.006729211714672001,0.007367780382558919,0.008979954555623504,-0.006682492792676853
2023-05-17,0.0036032239912078268,0.018518504813616277,-0.0017737085692595134,-0.0034618889303412725,0.030747558136245967,0.009451539356289729,0.03303337469723733,0.012138858327776614
2023-05-18,0.013665957497326575,0.022943736154795724,-0.004099914783833092,-0.012972911279784505,0.007583905354454412,0.014394918082939245,0.04970497291027676,0.0096332720942236
2023-05-19,0.0006283660097210486,-0.01608126535201726,-0.002744921078223994,0.0098988291245512,-0.0022938820830726847,-0.0005653190124413898,-0.01306889962204938,-0.0014552299506770394
2023-05-22,-0.005480638401975768,-0.010666648290490577,-0.0002747992779469355,-0.002341497915543389,-0.008262717435510658,0.008921469926789882,-0.0028146854664490295,0.0004062627194447721
2023-05-23,-0.015154991302154364,-0.00017393506729301844,0.0006877181354116857,0.001200731149241463,-0.010432580684628379,-0.018431965028074204,-0.015653024301030882,-0.011222843874589938
2023-05-24,0.0016319573964873602,0.015305697616548875,-0.002750397315649966,-0.008068450017086337,-0.009151369776725371,-0.00447270364565433,-0.0048880172950264145,-0.007244844509494142
2023-05-25,0.006692594377079031,-0.01498929336188437,-0.0037244595352941,-0.009618027091793824,0.002438057390116377,0.03845818483252206,0.24369661540510523,0.008659868892332279
2023-05-26,0.01410458631159095,0.04443478791610045,0.0012462068031400264,0.003995567330169925,0.009361190714958889,0.02138534345171572,0.025434172936473987,0.012950740152930296
2023-05-30,0.01065978928083533,0.01290486257498391,0.006637175748396951,0.006190554546333882,0.0037972724283650283,-0.005046638496006617,0.029913368480613878,0.00038098796621532927
2023-05-31,-0.00028213902044615935,-0.00887721353399118,0.003296530380868301,0.0015382006614657051,-0.012731055314779693,-0.008514343260147106,-0.05676749485315857,-0.005545262868599576
2023-06-01,0.01602238963684055,0.01816217265513176,0.002704253870225548,0.00789813034647624,0.01377936341922914,0.012759185826120234,0.05117073761657953,0.009500887260302626
2023-06-02,0.004775584309717473,0.01205508998453797,-0.005612619003269592,-0.014747450675273721,0.021006175466070642,0.008479365174787423,-0.011139049832090575,0.014461216297305457
2023-06-05,-0.00757123600701437,0.008450728786783213,0.00013763422427448546,0.006020416015011243,-0.009824156868719736,0.0016099509405056445,-0.003966767062974053,-0.0019163584434342962
2023-06-06,-0.002060184156045697,0.010454888481148839,0.0013766237190830921,0.0010980396887689814,0.0017972818943199353,-0.006727305375846315,-0.013198449248083666,0.002177536806930558
2023-06-07,-0.0077563820691393115,-0.04249267220189956,-0.00563611590815849,-0.012010543410059138,0.009688640572741436,-0.03086798284926906,-0.03040100409744062,-0.003457576662683426
2023-06-08,0.015465047801626275,0.024911297199049942,0.004976327214676557,0.013211240429905624,0.0002841641148083607,0.005813506416022962,0.027618359516911495,0.006048477866201107
2023-06-09,0.0021598549745558415,-0.006599595129369917,-0.002062810370024759,-0.0026845203333208945,0.001989516669898883,0.004703910375216891,0.006751501185495057,0.0017944097900284284
2023-06-12,0.01563875269613768,0.025439515368102628,0.0020670743524346946,-0.0008788640365902101,-7.08798305215641e-05,0.015483992096543053,0.01836455477868615,0.009071796925938846
2023-06-13,-0.002611476893733311,0.0007111003199982147,-0.004401367960314095,-0.007367558613950331,0.007234096243707855,0.0073528297337976944,0.039005235703462704,0.00659295942324567
2023-06-14,0.003491086082282324,-0.001894879884926648,0.000829126356989951,0.0005539277015322863,-0.003731763696028123,0.009123693324436744,0.04814520251171128,0.001190934741057692
2023-06-15,0.011198892122217918,0.005458016543269828,0.006211938359474978,0.007030581691497284,0.011308213095632569,0.03189670444399839,-0.008000716121162044,0.012397504426511441
2023-06-16,-0.005859929980628564,-0.012744888197649074,-0.002194712087331352,-0.0015392159510752013,0.0011880147456968526,-0.01657586732916405,0.0009142891757858429,-0.0034062534638480413
2023-06-20,0.00048663881100141637,0.002310948445805039,0.0013745210666020746,-0.010350739592973501,-0.005095711416004289,-0.0125024376760271,0.026140738706134314,-0.005188076887479687
2023-06-21,-0.005675499710007026,-0.00755284590127181,0.0016477718559346766,-0.0014464228474878604,-0.001473293489735461,-0.013282101700748172,-0.017416737307877184,-0.005123836865845055
2023-06-22,0.016525500781289226,0.04261789623803569,-0.004797782450039145,-0.009916979914319946,-0.019252224646034932,0.018437452908938612,-0.00046483540165109805,0.003609855630537284
2023-06-23,-0.0017112646007102494,-0.006300361919969633,0.0028922645588036477,0.0027572461643308177,-0.005230058000838866,-0.013805833856584626,-0.018965576056319988,-0.007560142644091328
2023-06-26,-0.0075529313143005705,-0.01546431587167707,0.001236403496510663,0.0017396047357047806,0.002448466951192385,-0.019162851225925093,-0.03736166755589165,-0.0040857417877877555
2023-06-27,0.015058890144387993,0.014529104045574393,-0.0019203587829460522,-0.004593535884055422,7.2278266373349e-05,0.01816786724495212,0.030616156355063984,0.010963235177506858
2023-06-28,0.006327799080243501,-0.001083754432466999,0.0031609536883612233,-0.002307409851291853,-0.00438248167471611,0.0038257544527280363,-0.018124990245248385,0.0005044557473712352
2023-06-29,0.0017965508741364378,-0.008834406537251538,-0.007535223999762808,-0.001071764681377263,0.034922866846830214,-0.002382065038030845,-0.007174636615652319,0.003941423498616148
2023-06-30,0.023102557220002096,0.019233769000189582,0.003451535995500521,0.006663323502016594,0.014014022146217053,0.016385696158756513,0.036254980601915454,0.011800696993804705
2023-07-03,-0.0077845330217467534,-0.0010739443770555468,-0.0028415023830570263,0.0011218766110339118,0.00804451758622493,-0.007488290401349018,0.002623681348939755,0.0011505137043690272
2023-07-05,-0.005871523344920804,0.0012287180203460757,-0.0041495058656843,-0.00353003237800964,-0.006661647203373144,0.00047332270598610116,-0.0022631967920532237,-0.0014871680629819917
2023-07-06,0.0025088054437270024,-0.015493205988729275,-0.0063887594137386206,-0.002980200124891419,-0.009886613454836768,0.009226765731943143,-0.005057002257762844,-0.007830644818855759
2023-07-07,-0.005891259982822805,0.011062622017709689,-0.0005588986060506285,0.007500997402107412,0.007890748732213959,-0.011867540221518147,0.009500444370206251,-0.0025248080420355867
2023-07-10,-0.010855886131667103,-0.020419182854096718,0.003495994338449382,0.0007836956455820054,0.005611772277275717,-0.01598353548364151,-0.007599564146215099,0.002531198833205739
2023-07-11,-0.0028099600544814196,0.012978852839820476,0.002090776436016295,0.0037476125602418087,0.015638842282774235,0.0019288138886650597,0.005334217008130082,0.006368542432200863
2023-07-12,0.008985570436671253,0.01568569880112225,0.007927662115036815,0.013541420874312982,0.004951864003190476,0.01422674619640385,0.03530248631744404,0.00804582633721429
2023-07-13,0.004057375461940849,0.026758409161619312,0.006071579876195221,0.0007146999149643118,0.004859800087071653,0.016192097642674375,0.04726443784874257,0.007936864171265157
2023-07-14,0.0007872776580102325,0.002829408900884234,-0.004663653897185482,-0.0031866482531699436,0.006045507678117845,0.007529210722903024,-0.011048984301480713,-0.0006227452524482091
2023-07-17,0.017305590921597558,-0.008315972513331604,0.0011026378317862129,0.0007165567329587841,0.024103757295985906,0.0014194669022702389,0.02181712724598084,0.0034722866080416637
2023-07-18,-0.0013402924747251133,-0.005465676406731013,0.001238690301943901,0.011456278139590825,0.0018255204959787275,0.039799787097139605,0.022233516335258052,0.007430435704876004
2023-07-19,0.007071776325363155,0.019046892602732513,0.0023373358499469976,0.00016335645500209495,0.0038394640470973407,-0.012267234088702672,-0.008780016961131176,0.0022237857265108296
2023-07-20,-0.010097386833942124,-0.03989357175040831,-0.004663653897185482,-0.005063389149303599,0.012317806530750541,-0.02312155764764301,-0.033073428769784585,-0.006634355475664044
2023-07-21,-0.006161521957131599,0.00030773533446226686,0.0006893249728778805,-0.0030645332195952113,-0.007685081795045234,-0.008937082249291906,-0.026603679907449385,0.0
2023-07-24,0.004219886493211256,-0.009230745755709147,-0.0016522300641967913,-0.00428147332668416,0.019684024288475044,0.0038977564999942427,0.006838409578949101,0.0044670606641352695
2023-07-25,0.004513534542984532,0.002562125956798944,-0.0011035841835054239,0.005567859975791123,-0.007468412907064792,0.017009241551524834,0.023917262035824116,0.0027303457682430476
2023-07-26,0.004544957633457525,-0.007589335934878205,0.00331370350864324,0.0048791150253855164,0.005994097888735395,-0.03763748795624422,-0.00496946204450055,0.00015364149825569662
2023-07-27,-0.006581110951478397,0.0007803832093540297,-0.00853297898519556,-0.01571197400361901,-0.01102955345036849,-0.020872226458685805,0.00985670632592095,-0.006630048258550958
2023-07-28,0.013508230516935171,0.030877245332297854,0.003470323852289292,0.007981390400291666,0.005704625276408581,0.023131353586724357,0.018518419827236565,0.00979033491976189
2023-07-31,0.0031658876455558094,0.011118568090654923,0.0017986674850081208,0.0026944104889450315,0.006691538324576696,-0.007240508886137809,-0.0004492534135901449,0.0019040724619334704
2023-08-01,-0.004275885632247678,-0.014886223394710907,-0.006189090186897728,-0.010364679607279714,-0.004937930442388105,0.0012503492050028875,-0.004750812393581549,-0.002861648273700834
2023-08-02,-0.015489949504289613,-0.026425663778747666,-0.0032044322269991765,-0.004765602229612864,-0.011324737642627314,-0.026282965745133446,-0.04812157899036362,-0.013910802955215518
2023-08-03,-0.007321534826762455,0.005459768439170398,-0.006149196221466147,-0.0003341470787491252,0.006113378821805737,-0.0025648957544293083,0.005556759021164259,-0.0028658703163421118
2023-08-04,-0.04802017465045583,0.08269337801006271,0.008297076670458647,0.003620414278603157,-0.0021106890983940696,0.0034287507825216945,0.0037065590786571345,-0.004522815924885348
2023-08-07,-0.017253693949916493,0.01898684357254843,-0.0015341712953453879,-0.0022753962847783527,0.00474316336118652,0.007108457515708322,0.016495206940739804,0.008728634186648376
2023-08-08,0.005311675295536444,-0.016031491771390738,0.003631621993762657,-0.006341080194621318,-0.005613747666570745,-0.012299120205742087,-0.016579640595200784,-0.004348656030964793
2023-08-09,-0.008954290375521201,-0.01493494570121734,0.0002785086524774716,-0.00475820704444585,-0.013407723322110598,-0.011715857285740983,-0.04724175902792116,-0.006685170505201343
2023-08-10,-0.0012348466232098287,0.005150463718840648,-0.005565662625785284,-0.0010686044760203073,-0.0014955900707488423,0.0021722244563429083,-0.003900719857914625,0.0003588756886594435
2023-08-11,0.0003375879147873295,-0.0010825194798443905,-0.003218092841020148,0.0,0.005795905534477841,-0.005945433076609441,-0.036165944269319183,-0.0005830170617915353
2023-08-14,0.009393301206528148,0.015605834874352187,-0.0012633633351024631,-0.003040588549344525,0.0020718555644814174,0.00943895020873975,0.07093338607255961,0.005519822628713866
2023-08-15,-0.01120030114983861,-0.020630355012962953,-0.0022485546095100117,-0.002654474343068869,-0.025457083771625144,-0.006727749380080139,0.004274376723280016,-0.011648832932378284
2023-08-16,-0.004959043266019814,-0.018885675014943426,-0.0028176866661238087,-0.005776029417432049,-0.004243378380189289,-0.002428436349052654,-0.010332445997651596,-0.007338158445373
2023-08-17,-0.01455528602132472,-0.008069975106044458,-0.000988535274363933,-0.0015378724223797935,-0.010386891551201871,-0.010986187264215075,-0.0032654125989272087,-0.007619801627499201
2023-08-18,0.0028162310032284754,-0.005672447612115605,0.0021209273250799576,0.00017112823031739666,0.0022877658756048636,-0.0012622736212949404,-0.001038246243896812,0.00048130103023402704
2023-08-21,0.007736810990083054,0.01095925117625085,-0.004797416695283774,0.002737670236275802,0.003423432965357298,0.017062575845928407,0.08471331119389736,0.0065062308259808965
2023-08-22,0.007904831300446613,-0.0031926989840012077,0.0012758397815926248,0.0016495566176504273,-0.020738438226638678,0.0018018703811635284,-0.027657802483004423,-0.0027085588903545954
2023-08-23,0.02194879576265807,0.009459994580714559,0.0090629854993316,0.01016464068195777,0.006763011322239665,0.014079387377420316,0.0317073187062209,0.011137811255540031
2023-08-24,-0.02617027515315551,-0.027154721211281152,-0.0023859677777343657,-0.00022482031744353037,-0.0009498737004216551,-0.021498387358784288,0.0009974720055214714,-0.013859071070219664
2023-08-25,0.012643033304762241,0.010770617478674804,0.0,-0.0012932863561120334,-0.0012224589692418908,0.00940694929927699,-0.024277563546343472,0.007049725178177146
2023-08-28,0.008846071793217947,-0.0009004586682715976,0.001828821756959087,0.0028713533365909427,0.00346813171806426,0.002229296412161741,0.017753987225959778,0.006341519924355943
2023-08-29,0.02181025511956336,0.013294308852149106,0.006177805248494428,0.009768091768254772,0.008132236663330739,0.014550598939787163,0.04161407346370383,0.01445461424122585
2023-08-30,0.019172299345747268,0.0011860029483812262,-0.00041839573492796767,0.0025018747942815445,-0.004033318431640676,0.001156921476375361,0.009839412446379647,0.0041187998933380765
2023-08-31,0.0011724129696639718,0.021766395374215985,0.0016751148931883897,-0.0016637258183913595,-0.012351493508565237,-0.0031325367688365136,0.0018472121480752612,-0.0014632904368835353
2023-09-01,0.008463350880290932,0.0007970481467276525,-0.004807412393855848,0.0004999240959600026,0.00334863137975705,0.002745671392173632,-0.017141226002213905,0.0018650284896026825
2023-09-05,0.0012665842612102907,-0.006154002858205887,-0.005476793183587847,-0.008161685723844458,-0.011033963954992454,0.014878583368933995,0.0008040739959238596,-0.004321774153688507
2023-09-06,-0.035793127457571794,-0.013914209970579572,-0.00112972520942356,-0.004534245193468567,-0.0016528827278357028,-0.0020084609572106338,-0.03054955182417518,-0.00672251297234594
2023-09-07,-0.02924951511844598,0.018395430569861038,0.003392888852799425,0.0010684498647577367,-0.008554145350643472,-0.008922159025195664,-0.01742428893529757,-0.0030702312651044172
2023-09-08,0.0034918060691375707,0.0027565441218631026,0.0002816302710941798,0.0003370270596214642,0.000765429315228161,0.013215758295495927,-0.014467698726918887,0.0015059837736284276
2023-09-11,0.0066225762842444524,0.035231212663680456,-0.00154930715275714,0.001853109993606994,0.004380201638187087,0.010979093773157311,-0.008645625221556097,0.006576789540672756
2023-09-12,-0.017060687406958097,-0.013067856717097759,0.0007051491929443987,-0.005156651253074851,0.013013792451352701,-0.018257911191127518,-0.006817476799303335,-0.005485640985070206
2023-09-13,-0.011854707135936282,0.025632022130484877,0.0015506776156186675,-0.0023100098564432514,0.00047850242108182783,0.01293082023389891,0.013706231736828167,0.0011659670580213
2023-09-14,0.008782295658291694,-0.0008975138235036706,-0.0016890725935790885,0.0005082241752882855,0.019397577927363185,0.007855938074922797,0.0021106730400253237,0.008622406978120223
2023-09-15,-0.004153902236111895,-0.029919857618376344,-0.001973579856267227,0.006603816566220333,-0.00294816536635778,-0.025037041154936657,-0.036879523368769984,-0.012048317343959836
2023-09-18,0.016913414063268517,-0.0029204620264398073,0.0009890109692540783,0.005887647601878543,0.0020832358933033923,-0.0035127249191818644,0.001503304867928934,0.0005864319287232078
2023-09-19,0.00618082290925237,-0.016788047695762587,-0.002117240929253472,-0.0009476457412548323,-0.001274188763572326,-0.0012459611891426636,-0.010143985201617522,-0.0020738287592076965
2023-09-20,-0.01999204239293928,-0.01700219075536713,-0.0012725959120698516,0.0007253927124595272,-0.0042302052039699944,-0.023977112187426264,-0.029434814192417114,-0.009193263597168877
2023-09-21,-0.008889583503012388,-0.04405345369833069,-0.006230635706023446,-0.007248413758109917,-0.007821826991496583,-0.0038655853860347644,-0.02893074807081597,-0.016528431397665355
2023-09-22,0.004944535771371328,-0.0016238050792075631,0.004132427243202397,0.0032013033173832195,-0.009582929964275344,-0.007886440563207864,0.014457615335783824,-0.002248574701449235
2023-09-25,0.007380355644279968,0.01665124873434287,-0.007379053044502815,-0.005150588926742139,0.004940727046221838,0.0016719175090336158,0.014708058350580089,0.00420528311517443
2023-09-26,-0.023398549959646076,-0.040298626825268746,-0.0010010088325307365,-0.007990985893820302,-0.010378908284695454,-0.017006009327947158,-0.007365829881237018,-0.014691397758292979
2023-09-27,-0.008897478436747375,0.0,-0.003577555687241385,-0.012366647894697436,0.00586480943390022,0.002082505654184663,0.013289945706193462,0.0003992031649857619
2023-09-28,0.001525782127668629,0.0,0.0025854612691991186,-0.004997187509914736,0.012415952985664225,0.002717617171577258,0.014622838856835907,0.005797471679999111
2023-09-29,0.003046462697692265,0.009049050319664742,-0.00043037630215114753,-0.01027534966921384,-0.017412947686057834,0.006727224910143548,0.009515020191600776,-0.0024270169385127716
2023-10-02,0.014835425421933834,0.01840783446134786,-0.00686849723238625,-0.010498705650611395,-0.008619842801474209,0.01916082166579236,0.029494980875992338,-0.00039748747744605684
2023-10-03,-0.007769585708359061,-0.03661366636292884,-0.00810263166110714,-0.0028882419805683623,-0.00737261912495657,-0.026134147891428094,-0.02824790193652693,-0.013386316295370793
2023-10-04,0.007308611647907082,0.018280939360016735,0.006564174637076814,-0.00011825651470720455,0.004484592778553731,0.01777323431981448,0.012041300215922757,0.007282137297563329
2023-10-05,0.007197659036873416,-0.008188983586829512,0.0007246781132985713,-0.0018327868021307259,0.00421634976293328,0.0012540422117000016,0.014690826275779001,-0.0003767868665581764
2023-10-06,0.014750497496131887,0.015878056641289273,-0.0039101461669716064,0.005153083621109555,0.015395642153141154,0.024737265026144595,0.02403334953407965,0.01187277664751174
2023-10-09,0.008451283954939992,0.0023444468936362206,0.01017757487692772,0.01838544744893622,-0.0022745155238443893,0.00782227719160078,-0.010685828572421174,0.0064023447681984536
2023-10-10,-0.003352200594385235,0.009511938819224852,-0.0010075035449255143,-0.0016780958953311886,0.006078754903614314,-0.004335598847797439,0.011596373273723648,0.00520469262061507
2023-10-11,0.007904180745390343,0.01814956889912689,0.004610323215730627,0.007303045938392039,0.0034328284424516298,0.01227201310624726,0.022009685967530723,0.004096329371875207
2023-10-12,0.005061121559387871,0.0037927633547389927,-0.008604852497560489,-0.0030496507265770356,-0.0023264835622766045,-0.0037904104369592684,0.00296969134806524,-0.006096529615446267
2023-10-13,-0.010292646939114691,-0.019194502454286222,0.004628936320164145,0.03214825984540237,0.015019582751021998,-0.010357552007093984,-0.03161135558671946,-0.004980802640899729
2023-10-16,-0.0007269318576978989,0.021265196921155027,-0.005183764591844997,-0.004864928190345896,-0.0010132448861361887,0.014981678469626392,0.013945950017561826,0.010521422217540488
2023-10-17,-0.008784688500458326,-0.008147882355257097,-0.0065129342305702,0.001854273768354009,-0.002164357905148462,-0.0017433975249996347,-0.046794605467677,-4.5968700599474666e-05
2023-10-18,-0.007394814758926449,-0.025405007278304192,-0.00437093404977662,0.014470816805260078,-0.010980931158219409,-0.005872450851915123,-0.039646814946563524,-0.013324948063839659
2023-10-19,-0.0021610956042051876,0.002107149015711185,-0.0043896277331711975,0.012274016037125302,-0.0042492063372369104,0.0036652731961468454,-0.0022512798176151927,-0.00878645053328353
2023-10-20,-0.014704257040533464,-0.02515573116103942,0.003674078724200225,0.0027308974274993236,-0.016105814152134967,-0.014034548273974101,-0.016959370368941462,-0.012288125618925339
2023-10-23,0.000694027839052147,0.011104892625885654,0.00380782761835996,-0.0033770637265356784,-0.013641026012519153,0.008112003400311707,0.03836948990738054,-0.0017332296708054695
2023-10-24,0.0025433908680692063,0.015802781594350668,0.0033549444172238374,-0.0001093308866343401,0.0012056141270526677,0.0036741607973083124,0.016009287964242613,0.007539467774099862
2023-10-25,-0.013491405849301974,-0.055771610960691276,-0.0075605369178211035,0.004208823642007475,-0.005454491063742073,0.030678140678848997,-0.04314852084684395,-0.014352117543495413
2023-10-26,-0.02460580660298206,-0.01499299533713827,0.006739266425637158,0.0015784524505007003,0.0025643218255584355,-0.037514269360691466,-0.03477832996286678,-0.011974765013323285
2023-10-27,0.007969331489618092,0.06832816082460003,0.0,0.011629799758343662,-0.03601898246074242,0.005855484041241477,0.004314917622404435,-0.004532738690495197
2023-10-30,0.012305349017138312,0.03890722509168976,-0.002473661020156781,-0.00564054701797434,0.01274967712770314,0.022740395980514805,0.016320937225720034,0.011955874177317805
2023-10-31,0.002818788000102268,0.002863308000901066,-0.00029210728342021763,-0.005456562573315948,0.011934333964246813,0.0023718269398100844,-0.009256252798858111,0.006280167441762963
2023-11-01,0.01873864603815556,0.02937864429857373,0.009703474789634292,-0.003150642851826202,-0.0008628941885310271,0.023542563789557658,0.03788609290043321,0.010664845087113184
2023-11-02,0.020693136264134937,0.007810272439553012,0.005798086099652711,0.0033240729584831374,0.01784936316491703,0.006501546927862423,0.02790316999717546,0.019164265161966787
2023-11-03,-0.005180982845646498,0.0038386235328597973,0.005908550684437408,0.003638921283475316,0.01117229972627598,0.012861821515019356,0.03445509329210439,0.009123454289591049
2023-11-06,0.014605115192958706,0.008225103459209127,-0.0042984938320308475,-0.007792560392528847,0.007552527564439915,0.010572536816819245,0.016575741670030286,0.002300490037781655
2023-11-07,0.014450655757010766,0.02125376487729147,0.0050359622718578745,-0.0041451308444239165,-0.0004858171925830046,0.011219300897848283,0.00445910355478607,0.0028461182732979484
2023-11-08,0.005885075937272388,-0.004414580990635519,0.003149776720216435,-0.00996764391222027,0.0049301941584165565,0.007405830520011314,0.013469616270122886,0.0007322671390859181
2023-11-09,-0.002624590533461424,-0.010416636461610618,-0.0074209157346927235,0.003982968433291267,-0.0029713316140694834,-0.006910904961366815,0.008073124378403351,-0.007798901522291346
2023-11-10,0.02322011387144185,0.021052569890351647,0.001869281311341453,-0.010909752197912126,0.014831407956569231,0.0248967532858142,0.029499602026644034,0.01560493676972019
2023-11-13,-0.008583859403724525,-0.006756765374750118,-0.00028688218930761344,0.005570720464602941,-0.0044392033346070114,-0.008088353849859065,0.005896196111420338,-0.0009531810779693783
2023-11-14,0.014285838348574442,0.02251214528584833,0.012202016962697071,0.008919177105678688,0.018246994777154413,0.009790356517109133,0.02130806817041142,0.019400772365121943
2023-11-15,0.003040856946023407,-0.017832688951265996,-0.005531431924298391,-0.002635601473798599,0.008757748897515016,0.00040614087700152623,-0.015466125730424829,0.0021171564022648415
2023-11-16,0.00904230241657733,-0.0025837648398919777,0.005989671594333723,0.011286077178189302,0.011419660137549803,0.01758320403929292,0.012109209672358068,0.0012231621208205201
2023-11-17,-0.00010550137188392039,0.016453061783939793,0.001417820527003455,-0.00010890234740634774,0.009046083294435903,-0.016800938319176728,-0.0036781479930110272,0.0012436823823511745
2023-11-20,0.009278104113588315,0.0065436854591447435,0.0014156937305334072,-0.0016333808174913145,0.0030752550757060515,0.020521840831051685,0.022536200744965873,0.0076975556449827565
2023-11-21,-0.004230708716252973,-0.015260459261028925,0.0014133345990654522,0.01079790063288577,-0.002087548911259396,-0.011578003384373647,-0.009224545311873333,-0.002179354867042904
2023-11-22,0.0035145051653140413,0.019527539517508297,0.0008472088493667318,-0.004262252597287075,0.002353709477657784,0.012812628134828863,-0.024587508245243805,0.003860903299975238
2023-11-24,-0.007004474016326978,0.0002044767086364363,-0.004795636034273243,0.005201596914642392,0.001369210337617277,-0.0011115311143494733,-0.019295468589947906,0.0006152604287994468
2023-11-27,-0.0009474006998076989,0.006746559883569869,0.006094242375112913,0.006737817869841178,-0.002279423852700524,0.0031263834900179255,0.009753800355191355,-0.0018009688501093857
2023-11-28,0.0032139558928296896,-0.00473835354015173,0.004225785455497455,0.013331852960406732,0.002284631496227707,0.010802773216866068,-0.008726826262504983,0.0009900731535916751
2023-11-29,-0.005409619893681383,-0.0048288883967405605,0.005190095624713287,0.0014794398574642376,0.005080385784320018,-0.010060070044595304,0.00667069192804548,-0.0007034327420673003
2023-11-30,0.0030628333090496618,-0.001571972217158657,-0.0032094901640934426,-0.004167950375202456,0.011404831627408907,0.00015824195893521242,-0.028458699917982666,0.003937496923179573
2023-12-01,0.006791164028944197,0.006434406632690459,0.008157037468869976,0.017271494075951965,0.004869056507304181,-0.011612235365365708,-0.0001068016033151098,0.005916002011515431
2023-12-04,-0.009464509461281745,-0.014894936132684111,-0.004038900246684962,-0.02161342646325959,0.007332364268109792,-0.014338617965534262,-0.026836380854826092,-0.005249414392136997
2023-12-05,0.021063364096969517,0.014084566393959497,0.006431915455970216,-0.0037794459254785195,-0.00012658404156218328,0.009156338984787737,0.023293750280274805,-0.00019705638812439474
2023-12-06,-0.005687127336506781,-0.016067541747663228,0.0029176530867938144,0.0036868953454944897,-0.010508317706350967,-0.00998623276851629,-0.022827842540942056,-0.004029978661036937
2023-12-07,0.010139364202929046,0.016329923474831087,-0.0002771188403986047,0.0016503277504122948,0.003070772692948198,0.00582984921602403,0.02402030910105113,0.007630496581647828
2023-12-08,0.0074123187391583745,0.0036764247561378305,-0.004849641755504064,-0.01334039111485108,0.011034148254404075,0.008842197993746748,0.019529757107001,0.0042992476402736735
2023-12-11,-0.012927190261409982,-0.010378502226973785,0.00013927325365514776,-0.011042895165362276,0.00365876487773531,-0.007829545974121,-0.01850294554447085,0.003889530635455385
2023-12-12,0.0079199306245199,0.010898597193382598,0.00292362833484594,-0.0005446421195114404,0.008925169027507396,0.008295441558297867,0.022090183490253823,0.004567143826289977
2023-12-13,0.01669156557182805,0.009221593773735215,0.012770271737873706,0.022562533466176538,0.0033637994856574593,-2.6840901511948623e-05,0.009043743756931732,0.01379020038990153
2023-12-14,0.0007576218795648515,-0.00954043404920335,0.00753826786223688,0.005862552982469849,0.018192288164012194,-0.022544552521907457,0.005448116892333266,0.0032093651713736016
2023-12-15,-0.0027257322742497703,0.01729753821347546,-0.0014959844056900984,-0.009166511771857233,0.007561259482407934,0.013117208182543916,0.01116883418663872,-0.0016465287174175502
2023-12-18,-0.008503381036903401,0.027338841569267247,-0.0020434414400846146,0.004545487184575592,0.0060522627044734545,0.005178933125510321,0.024278927681996798,0.005625087750699143
2023-12-19,0.0053602618401726865,-0.0018174467759756174,0.001911071327751257,0.00681394057869511,0.013354913728709672,0.0016370488473202993,-0.009445598409596134,0.0060808794940740984
2023-12-20,-0.010713905126075396,-0.01085895208954335,0.0032702499530594675,-0.005445982936102989,-0.011279138703513825,-0.007072838172705764,-0.030098340433442394,-0.013857196419393314
2023-12-21,-0.0007701893324024711,0.011306871390431628,-0.00013573533072974708,0.007070635455129759,0.005703904481555888,0.00787869600064206,0.01827043223109559,0.009481743848098745
2023-12-22,-0.005547275336854951,-0.0027300973670256745,-0.0006676845151242228,0.004434417088942322,-0.0005970819972002106,0.002784072553123851,-0.0032660800619424,0.002009796586159185
2023-12-26,-0.0028408801061076128,-6.514474615582078e-05,0.0009538842367371458,0.007620733251079592,0.005914073021297206,0.00021378206637567843,0.009195103468294441,0.004222468382429456
2023-12-27,0.0005178208136948914,-0.0004563413242133496,0.006401110029909951,0.004537842226414179,0.005997876240617206,-0.001574707297835043,0.0028004837742081623,0.001808101093975223
2023-12-28,0.002226323976077582,0.0002609139551152939,-0.002435505253260861,-0.005815437657636813,0.005312988654499806,0.0032343890826187494,0.0021247530716934637,0.00037771224607752174
2023-12-29,-0.0054242258118183395,-0.009388462612883952,-0.0023063841747158476,-0.001566841018672216,-0.0011744349985239877,0.0020252347734550646,0.0,-0.00289492035951755
2024-01-02,-0.03578647046079486,-0.013228970207501023,-0.004214784169519259,-0.002353909884146743,0.011640111484204851,-0.013748643299469232,-0.02734136896753503,-0.005596449629076128
2024-01-03,-0.007487656621832928,-0.00973782115920796,0.0008192655335459431,-0.008336809604204354,-0.0043583168101682945,-0.0007278723695890443,-0.012435749381889738,-0.008166614663216887
2024-01-04,-0.012700069414572468,-0.026267891590348702,-0.004501985776384498,0.0010046128932528209,0.006636214129038143,-0.007177665500455843,0.00901870137544769,-0.0032210082433131726
2024-01-05,-0.0040131592397461,0.00463442024626004,-0.0030151267904039436,0.00015845540955172766,0.005017080891458026,-0.0005162821663828865,0.022896539380691028,0.00136953399109907
2024-01-08,0.024175040590972863,0.026576703830634596,0.004398692568541085,-0.007816271130823282,-0.0014512067438452458,0.018871544638415783,0.06428088071542448,0.014275985591319929
2024-01-09,-0.0022634985780991546,0.015224607114340927,-0.00013718720313171673,0.0003193567900841021,-0.007906015545786182,0.0029358586417151944,0.016975165985251506,-0.0015169955367170251
2024-01-10,0.005671500717230993,0.015590940651907248,-0.0017786264011949715,-0.00228804710551489,0.0021093352762273643,0.018574002654978328,0.022770084082587072,0.0056553318544354525
2024-01-11,-0.0032226398843520077,0.009432101662268044,0.005210236577038563,0.0019733072916665595,-0.004209884723951229,0.004859327638176758,0.008684422980730355,-0.000440607070651744
2024-01-12,0.001778128331392237,-0.0036086969005325598,0.002046150640489186,0.009794068475553752,-0.007339969680722147,0.009983709096109239,-0.00204297326080638,0.0006927160276115618
2024-01-16,-0.012317153377850554,-0.009442449238027617,-0.007078845464524752,-0.009488181898979597,-0.0062703144298946745,0.004633623114634888,0.03056113771221214,-0.003671306902421012
2024-01-17,-0.005173417297510086,-0.009467203666572499,-0.0023304736805060955,-0.01101595063528893,-0.0053574862796141876,-0.002050040208433357,-0.005835036885308953,-0.005558563034801178
2024-01-18,0.03257046982813816,0.011798781932089941,-0.0013745301997795112,0.008232882099906247,0.0019747167347858863,0.011297464676451652,0.01880352637022642,0.008892810333086754
2024-01-19,0.015533117702847266,0.011986946826648914,0.0,0.00298872590696031,0.017262151699344308,0.012187027733126188,0.04174630170115212,0.012466148799797905
2024-01-22,0.012163310753457557,-0.003604979862209201,0.0016514987810283266,-0.003777957126316789,-0.0011742507471024233,-0.005418178381771055,0.002739867875070079,0.002114386856159056
2024-01-23,0.0066534013033971995,0.008011406531487353,-0.00233527597778449,0.0038991332271092194,-0.006583856321905945,0.006027442316158593,0.0036711271712737137,0.0029164132980590285
2024-01-24,-0.0034839883277772987,0.005447960655367012,-0.0020657073520029545,-0.008246890539639895,0.00893514603698975,0.009175303625916342,0.024869317049262207,0.0010931979808126435
2024-01-25,-0.0016966725541772698,0.005609771850602074,0.004691290860264763,0.003969986681303217,0.014311197741416315,0.005738320764495208,0.0041557216388299345,0.005438712041276439
2024-01-26,-0.009012773652580242,0.008684596622424712,-0.0015106462425267253,-0.0006946931881827156,-0.0038166732222876254,-0.0023217436459989083,-0.00951049710900631,-0.0012702699499184122
2024-01-29,-0.003586089731477893,0.01344896590822775,0.003988638242580667,0.0070584854445867595,0.002612132733008199,0.014334114491611816,0.023496288975401125,0.007919308311993944
2024-01-30,-0.019245646692490737,-0.014014601164705653,0.0017814814878662766,0.0013805262268788976,0.020494515024528814,-0.002758124047395949,0.004946845575338532,-0.0007733641731895169
2024-01-31,-0.019357583388132316,-0.023899390262627773,0.004239225779155031,-0.0007423479101065222,-0.010835581718136367,-0.026946136280382893,-0.019864877945141468,-0.016317324590489846
2024-02-01,0.013340640705578277,0.026288672108771616,0.006037261307812791,0.01040067256889099,-0.0036134885248519932,0.01559430655106575,0.024379457870301602,0.013088244590814924
2024-02-02,-0.005405157209217526,0.07866649218561839,-0.00896021409674641,-0.009453300862028224,0.005756044568802077,0.01842592228040485,0.049708982701214266,0.010527295315658103
2024-02-05,0.009846523530457008,-0.008730574595861018,-0.007944930426287744,-0.005513988032274764,-0.0013160999705855714,-0.01354505211326007,0.04794417685631047,-0.003641259527168539
2024-02-06,0.008631960511512604,-0.00681113075414308,0.004694719641571421,0.005224693124019186,0.003438349680623398,-0.00039458553487004,-0.01599539826392049,0.0029033818130268507
2024-02-07,0.0005809844372473005,0.008158468416245013,-0.0019239245117133041,-0.0002651978305409086,0.0018845664477740165,0.021110334756729188,0.027498081783197126,0.008340368497273154
2024-02-08,-0.005754573583677702,-0.004046223223746481,-0.0026167481556987893,-0.0009018470501077624,-0.0035910827845645477,0.0001449394928334513,-0.006533675166931707,0.0004416873871995186
2024-02-09,0.004093790653973972,0.02714319777292107,-0.000828229937971714,-0.003876152075832917,0.0012012190482779683,0.015551353996200667,0.03578364248777044,0.005779462124994028
2024-02-12,-0.009001789928366088,-0.012095159915523457,0.0002761128625483611,-0.0026119694947860372,0.004456921570530126,-0.012578697306851794,0.001594220373682953,-0.0004390181849750485
2024-02-13,-0.011274403354157192,-0.021469171561243172,-0.008702722513960093,-0.013788690196348319,-0.008703497975364849,-0.02152878625964716,-0.0016609738738044832,-0.013772926717276479
2024-02-14,-0.0048098710424174795,0.013875689909627953,0.0037624154523039355,-0.0005961123453055439,0.010157240385961552,0.00966545620040593,0.024567490291333538,0.009087602657076976
2024-02-15,-0.0015746612030428375,-0.006901349311422389,0.002776833316147309,0.0067238125229136525,0.0218144488760883,-0.007155278685421651,-0.01680664099364626,0.0068997302180955344
2024-02-16,-0.008430410366924379,-0.0017079419299743659,-0.003184289633480164,0.0036625695484677756,-0.004670067153840107,-0.006149057473209818,-0.0006193636774549649,-0.0049800362058063374
2024-02-20,-0.00411388279897551,-0.01433539469369316,0.0012502290014793083,0.006064210073093879,0.0039098777139214835,-0.003143044290125907,-0.04353200093930487,-0.005505381676903065
2024-02-21,0.004186052433884591,0.00903755380828164,-0.002774637028305049,5.331256612173263e-05,0.006509992477870874,-0.0015145312508432207,-0.02850877748041969,0.0009059460310576473
2024-02-22,0.011243831712689278,0.035530017339574504,0.0004169928786599275,0.00042672195902415666,0.011995610321345218,0.02354678445090541,0.16400860897145453,0.02069542385601153
2024-02-23,-0.010033957550512285,0.0023485144793740087,0.0036156495556469714,0.005651511902278639,0.005025274385972223,-0.0031823292242014745,0.0035523033188047393,0.0006895960021768843
2024-02-26,-0.007451336427523048,-0.0014858549486425066,-0.0018013698058668703,-0.0022266895335479875,-0.0034242723028042876,-0.006823522859070175,0.0034892072831747,-0.0036624553660885573
2024-02-27,0.008114442375183106,-0.006810521779339163,-0.0015267008969933604,-0.0010626830578386315,0.0004909628370599606,-0.00014728769294358734,-0.004943685241506568,0.0018576860509953441
2024-02-28,-0.006625581361789701,-0.0021896371944472026,0.002224431823466766,0.00180849115899262,0.005069653495806348,0.0005888565209590801,-0.013189224171167413,-0.0013216408439921112
2024-02-29,-0.0036930829176247126,0.02078996747858297,0.0016638089647540433,0.005150266749304189,0.00911140850529546,0.014519981273090288,0.018657599920955725,0.0035949059518203264
2024-03-01,-0.006030273039896894,0.00825982552183624,0.00419372823946107,0.018910791174389097,-0.004138467619183239,0.004496482203667496,0.04003200086871095,0.009388269409163819
2024-03-04,-0.025381328561490002,-0.003591063770984282,-0.0023506054761115447,0.016174996770490724,0.007501756841048257,-0.0013957825186087236,0.03595074897316275,-0.001072399009425462
2024-03-05,-0.0284408786845064,-0.01948421375262155,0.005405454771830076,0.006020141664404566,0.010017110683284258,-0.0295720612571877,0.008576479904120804,-0.009994130882066354
2024-03-06,-0.005878369472013922,-0.0035033346396604603,0.0017919010075879704,0.008215401882095241,0.005197691290980133,-0.0013907375628937624,0.031827321617541315,0.005067253552665463
2024-03-07,-0.0007094442568186254,0.019076784751165476,0.0016515364775615549,0.005683843351386164,-0.008758703191299566,0.0175333483466924,0.04474624037233155,0.009926452199480407
2024-03-08,0.010236564497697387,-0.008313545751684748,0.0009617409746116579,0.008452547868211147,0.0018631230293768564,-0.0071368839341025,-0.05547701472487998,-0.006002148112792316
2024-03-11,0.01183172572494473,-0.019332758891648982,-0.00041212211407193333,0.00183502012710135,0.00037191456371465925,-0.004185004952808824,-0.020039203150432172,-0.0008598627131740644
2024-03-12,0.0027785031429898854,0.019946455814511488,-0.003020497212734119,-0.01094062729637224,0.008231945362805915,0.02659948168073001,0.0715718021742382,0.01075728796021358
2024-03-13,-0.012122447421752391,0.0066708374081581034,-0.001652900916349731,0.00700740378557585,0.008112213775829158,-0.00043347812016014675,-0.011151956402617236,-0.0015674079404101038
2024-03-14,0.01092725013058593,0.012403729449981915,-0.005932173746552749,-0.004175139558116325,-0.01781803985680297,0.024379860088257876,-0.032391485173757895,-0.001976821879233537
2024-03-15,-0.002196677563047311,-0.024223786467438835,-0.0005547867225288439,-0.00319440663913817,0.012395588751753284,-0.020695268781726672,-0.001216728861693217,-0.00686664601516096
2024-03-18,0.006372586307939132,0.00034398325434925603,-0.0012495131484939748,0.0016022835845583838,0.012401505402731328,0.0021612332825451386,0.007035797708569325,0.005943094126837689
2024-03-19,0.01358490157606762,0.00813845829732096,0.002641418942564977,-0.0011498061737871268,0.005865330528640911,0.00980071461110188,0.010660842089710965,0.0055572727436057345
2024-03-20,0.01470934869989704,0.012791359170393646,0.0018025680291324786,0.011911859798154678,0.01310699124729009,0.009064723529027319,0.010895133104272592,0.009249159262641582
2024-03-21,-0.040857383913252,0.0,0.0008303953561585864,-0.0010386361790747367,0.013904934023643678,0.009735831436528564,0.011762335983164895,0.003304732103959207
2024-03-22,0.005310102045331444,0.0040415450203241665,0.0033191715347848927,-0.00802096899240623,-0.012257585324601528,-0.001467133561226297,0.03121349423564168,-0.001895753427099356
2024-03-25,-0.008300280800045301,0.004696213001679439,-0.0019295002924198945,0.0031944066391380588,-0.009154594877892497,-0.013714669627939435,0.007561866463791311,-0.0027627734526971537
2024-03-26,-0.006672871093603816,-0.007845994154095037,0.0008284450620665851,0.003233961285236564,0.004671012950612008,-0.0028613555587507777,-0.025694192657452875,-0.0018470320741533763
2024-03-27,0.021212696360040084,0.008581036192426339,0.0034494958632751427,0.007240660177973313,0.019363412551078207,-0.0005218598596383739,-0.024967391745010836,0.008403925331518902
2024-03-28,-0.010558861001452424,0.0030584610251771505,-0.0012376000560647693,0.012900024807739996,0.003909411337147839,-0.0016847352259979909,0.0011746312838243345,-0.00019121868906291084
2024-04-01,-0.00845593092533059,0.003270852211551434,-0.006821551094393863,0.010208079384865787,-0.006790019531151215,0.009151038262207534,7.747818325154476e-05,-0.0017398117178240025
2024-04-02,-0.0069988239213046866,-0.0015472110151306673,-0.001112473357471444,0.014772360490971526,-0.0004019913160822064,-0.007372302867311387,-0.01008161728082968,-0.006358016169788816
2024-04-03,0.004797534251051783,0.009519072430478781,0.0006958242212116161,0.008772374739768773,-0.002816122121236053,-0.0023490241712965654,-0.005455299794145718,0.0010984748747053796
2024-04-04,-0.004892453684302467,-0.013212014767422509,0.0020865995495267242,-0.005734705223284009,-0.00760831318038746,-0.006112463388256439,-0.034384810267077626,-0.012206090452421381
2024-04-05,0.004501861161225085,0.028166707356770848,-0.004997157360992044,0.017114197447370305,0.009200070146203831,0.01828274337309077,0.024480509353451696,0.010446857229074125
2024-04-08,-0.006663408834517326,0.0006483768975988902,-0.00083694571199322,0.00622848536623688,0.00521656806113624,-0.0021855826709835657,-0.009942288873120764,0.0005594350805937509
2024-04-09,0.0072421469604317945,0.002591909504893186,0.003629841404459766,0.005497054993034878,-0.006700898141225098,0.003980316583745536,-0.020417215487072315,0.00115661097456643
2024-04-10,-0.011139094113723047,0.0015080453603608657,-0.011685914115872054,-0.009463856185613961,-0.008521529960095253,-0.007084488196501981,0.019741514091225598,-0.010013105546115564
2024-04-11,0.04327083076706573,0.016671181255133227,0.0,0.019433247203493043,-0.00020464518393892295,0.011033290477530544,0.04109646536364031,0.007546863400431425
2024-04-12,0.008626723949235915,-0.015445639364236818,0.002252391461210923,-0.013239324939518515,-0.0646779242374772,-0.014091123819807372,-0.026816394643299657,-0.013802968858963038
2024-04-15,-0.021863517500276708,-0.013485250630092094,-0.006601129189390376,0.01871915519396472,0.0005469282452532642,-0.019577878064294563,-0.02477738486012515,-0.012528166703078103
2024-04-16,-0.01916730350925777,-0.001633742516860992,-0.0025450312749847326,0.0012220152803359419,-0.011427462959156975,0.0022724520628603084,0.01644188209064934,-0.0018237876332101166
2024-04-17,-0.00814731313184991,-0.011128128209780819,0.004819324542520764,-0.007368252752093185,-0.0039822342108697395,-0.006609174976291432,-0.03866612880409681,-0.005918300011035549
2024-04-18,-0.005714491205525363,-0.011363622972558218,-0.0026805283022143245,0.0034154561341945833,0.006496947691749355,-0.018380923096689705,0.007568203595471834,-0.002057580702845785
2024-04-19,-0.012212485662111527,-0.02561096030926935,0.0012734090062458403,0.003131535140574959,0.025103511884184915,-0.012739089323256514,-0.10004589836918631,-0.008728522362642654
2024-04-22,0.005090858889906347,0.014888568814227066,0.0004234990892713064,-0.02470249054532203,0.019429560260936674,0.004610115255604619,0.04354313964667944,0.009209198134285668
2024-04-23,0.006391770684690545,0.01303389727631088,0.0018357166845546224,-0.002458663172418052,0.014413263098985718,0.016485573932063735,0.03653266860030269,0.011866637582815809
2024-04-24,0.012702350855555933,-0.016430862529557833,-0.0025372574341689935,-0.0018600907225296837,0.004892259863090942,0.003655711949921203,-0.03331576212008047,-0.0004745904155173397
2024-04-25,0.005147219467466213,-0.016535467634067658,-0.002825614929061193,0.005963468053189924,0.001501835830141296,-0.024495098695270445,0.03708707160454994,-0.0037989601429470055
2024-04-26,-0.003472812825077276,0.034260361668536854,0.0022672744156229108,0.003241927353549112,0.0006207682875707388,0.018243770996188458,0.061755829061549194,0.009474016544795072
2024-04-29,0.024807877681858548,0.007460258507441919,0.002968772045337076,-0.002031218037689575,-0.0010854226645440335,-0.010016747822607308,0.00025078969572311927,0.0035413652375824167
2024-04-30,-0.01827071993746432,-0.03293549122868411,-0.003805778124248982,-0.019937078844561418,-0.007967781123134232,-0.032119206831758174,-0.015440469711739069,-0.015841288612338356
2024-05-01,-0.006047109947067031,0.02285714285714291,0.003604736887626858,0.00906215232545482,0.0006259620925628262,0.014409263046398113,-0.038899739237810205,-0.003247025687758587
2024-05-02,0.022031834330612066,0.031955314082140474,0.00395996162567025,-0.0030870874411647042,-0.0010425619608130932,0.00734293179617862,0.03342933709912055,0.009353387028529392
2024-05-03,0.05981626567192899,0.008066292135759712,0.00507136382816431,-0.0007976266365629092,-0.00600021605415868,0.02216966397499265,0.03463183068783815,0.012395456658224724
2024-05-06,-0.009106669483794905,0.013371946429286963,0.0009808485286806334,0.010518361024399514,0.007821040389546452,0.016918232678293288,0.03774120525438596,0.010326549086568715
2024-05-07,0.003797024414592176,0.0003179520909595279,0.001960355248364465,-0.004600326433150892,-0.0013020234823881705,-0.010156196615051627,-0.017212930438347818,0.001103544897574693
2024-05-08,0.0018641234644238835,-0.004026247769404412,-0.002375815390362024,-0.002941061869504713,0.020339080845040547,0.00293158714598718,-0.0015682034739998851,9.666357929050129e-05
2024-05-09,0.010014324732449564,0.007978723404255428,0.0026618242833631456,0.015778607960932778,0.009455600411136578,0.004335890810253318,-0.018415624197750002,0.005761925648107624
2024-05-10,-0.006890196408507299,-0.01065965315282813,-0.0027946769558221396,0.008112513438038427,0.006430336122964064,0.005869148785143441,0.012744063288183005,0.0012880481208703554
2024-05-13,0.01764542172341832,-0.004853789332504466,0.0008409385617720311,-0.011202103844459854,-0.000201247655026493,-0.002459374498112621,0.0057967857179908044,0.00013448799247872678
2024-05-14,0.006173407155114274,0.002679959159411549,0.0029391871660833235,0.008462045119477013,0.013988803325776011,0.006864601244105373,0.010586382212368628,0.004587980893119736
2024-05-15,0.012217931123054582,-0.005773249525686364,0.006420277542428243,0.012838750510223873,0.0029776684388012065,0.017483764702900473,0.03583778780624436,0.012382947312628012
2024-05-16,0.0006325288742901058,-0.012688857146349708,-0.001664160576203777,-0.0038933433506626036,0.001781059635160842,-0.004939856311607205,-0.0028636925012252012,-0.002057521388343031
2024-05-17,0.00015801199026443946,0.005826891232250109,-0.002500056432082731,0.0164977725898805,0.01145858618529294,-0.0018528068507025486,-0.019924013834575094,0.0014377806840857321
2024-05-20,0.006162061454278334,-0.006280474722663021,-0.0009750272938368054,0.004023937591649318,-0.0449728377974945,0.01220818931762957,0.02488135375271061,0.0011520538191809315
2024-05-21,0.006857375894604001,-0.0021248741632045043,0.002091333827428654,-0.001469548604570936,0.020145231065027858,0.008698946814254649,0.006393801158452561,0.002452466390780561
2024-05-22,-0.007538492818335962,-0.00010914012742568868,-0.0012521123701944026,-0.01837396956557802,-0.006064736518834546,0.0034495421911464597,-0.004570927780799261,-0.0028792783967770408
2024-05-23,-0.021058053701177193,-0.011358061353112014,-0.0029249118658120077,-0.019944570339717638,-0.00700929587700283,-0.008176180824498336,0.0931965430508428,-0.007304161171391543
2024-05-24,0.01658819782630583,-0.0016570176564539851,0.0011173443153023044,0.0009271136061119734,0.019246585741507616,0.00740048741804622,0.025722664882689816,0.0066161552601271545
2024-05-28,5.265885068905796e-05,0.007745471073219212,-0.004743876041019779,0.010513172896031486,-0.0060286997108840445,0.0003719719898318541,0.06980440811235544,0.0006991068007877743
2024-05-29,0.0015789532522580974,-0.0007136405620595809,-0.00364507055350205,-0.009303812074716977,-0.006967405780141878,-0.0026724194998455353,0.008112287081064817,-0.00700262895838899
2024-05-30,0.005255203823760546,-0.014833517662161122,0.004361622204282822,0.0018967600627461945,0.006158340920730421,-0.03378611502073858,-0.037666006427036436,-0.006633697151315676
2024-05-31,0.00501853811321995,-0.016060700229647673,0.00364309916988681,-0.00586417430627717,0.01655532224618761,0.0011092367600420427,-0.007846076850912542,0.00910821310388088
2024-06-03,0.009258677363141787,0.01076849847083472,0.0055859456417945985,0.008917780500373507,-0.003997435985240161,-0.0038783630188405915,0.0489540811240492,0.0008152403229582106
2024-06-04,0.0016493552974503611,0.00560726713319748,0.003759670205983223,-0.008977059834655465,-0.013180085479043369,0.006166680346746833,0.012495713499618644,0.0011178898116688263
2024-06-05,0.007820844239062597,0.010817455564965828,0.002774450200694112,0.011845603201319,-0.00954006298228538,0.019083305222027613,0.05155577854695803,0.011884942623392236
2024-06-06,-0.007096566596955345,0.020520748266509736,0.00013869314695780233,0.007391356612921562,-0.0017742750302176535,0.0012027940086778433,-0.011777239641734272,-1.8405780399799454e-05
2024-06-07,0.012391992961053644,-0.003783767287795614,-0.008022508845463627,-0.03568330143379639,0.01543848355965749,-0.0015781898744815503,-0.0009091051494777291,-0.0012157417572239426
2024-06-10,-0.019147681618552403,0.014975553234585881,-0.0015337159940140843,0.009168181127878317,-0.0017003500970075303,0.009484472630660878,0.007461407531923703,0.003089770854808771
2024-06-11,0.07264916156603096,0.0009087895389929823,0.004049790983184032,0.0028566106093961263,-0.026301277302500092,0.011241704285112286,-0.007143842801572098,0.002408104637113828
2024-06-12,0.02857838504879151,-0.0018159287809064173,0.004589398721171589,0.0026617200115086614,-0.014560635808727018,0.019367724199274683,0.03548076807000755,0.008212993608445407
2024-06-13,0.005491036262711857,-0.016373254687715777,0.004430425013431716,-0.008150148984962247,0.011121068776563936,0.001178786895948969,0.03522374430896025,0.002013857441864886
2024-06-14,-0.008168262133821491,-0.0009247574783878276,0.0015165115881377034,0.012959545903254766,0.000619590962640526,0.002242063068658595,0.017514089383387832,0.0006082699757292698
2024-06-17,0.019671376910190164,0.002177904217078641,-0.003716203457020173,-0.005191652247571676,0.006192568109709917,0.013105217993762075,-0.006824229840394769,0.00795871175044316
2024-06-18,-0.010984435921767788,-0.006791263808433312,0.00345340455792309,0.004007271832187298,0.010360061436324619,-0.00452745449818015,0.035119679823827576,0.0025408350120808
2024-06-20,-0.02151295174832102,0.017996874289478493,-0.001927228217525001,0.012484347826456466,0.008477133416914695,-0.0014338125301576188,-0.03540343262971002,-0.0027166727044789507
2024-06-21,-0.010444469270692092,0.01601287280926522,0.0002760128108250104,-0.015493238109986152,-0.011929240735031432,0.009154148983713917,-0.0321915763037014,-0.0013404933262958219
2024-06-24,0.0031327137038812403,-0.0185635417434159,0.0005516453449281311,0.003957566385821121,0.013143069276851937,-0.004691133936043257,-0.0668404610588883,-0.0032507395346381696
2024-06-25,0.004468142752225068,0.004149318226444709,0.00055134120012168,-0.004962237629221655,-0.004072729354103188,0.007326681983268468,0.06756417595126218,0.003850869326469164
2024-06-26,0.019993314164129528,0.03901472799901873,-0.004683476267195341,-0.009228168111804491,-0.003231341689683642,0.002683237908468472,0.0024586547866736197,0.001248041728148408
2024-06-27,0.0039860621705603005,0.0218997235669518,0.0017990697180694237,0.011336925587312363,0.00881328536040038,0.0015261397186328018,-0.019066531078146376,0.0015764618350546655
2024-06-28,-0.016254182554250485,-0.023249966952787915,-0.004696607362574046,9.297647872519299e-05,0.015514476383712728,-0.013028741166727476,-0.00362930376967463,-0.00393506564198598
2024-07-01,0.02910443453066036,0.02043982896891161,-0.005276651962265011,0.002604589701363791,0.015771734333496656,0.021881675846766813,0.006151927596144802,0.0020580239686431856
2024-07-02,0.016240010781844116,0.014198798656638534,0.002939258288792601,-4.643394389247657e-05,0.01645165540268967,0.005583063061791238,-0.013113569246996137,0.006729777642024093
2024-07-03,0.005811073656752486,-0.012050018310546862,0.005721460455791805,0.011273000380832565,-0.0006703586411074269,0.003244216643400355,0.04573258251358814,0.004462634526017029
2024-07-05,0.021620296819540474,0.012196992290986808,0.004578821484273465,0.013486798057397165,-0.013250456277600686,0.014736260870156004,-0.019098905354084428,0.005766597648471761
2024-07-08,0.00653895168287133,-0.0035500335693359197,0.0,-0.012402074526820739,0.0018555193373390733,-0.002823199493501405,0.018834724481892717,0.0011537588069578941
2024-07-09,0.0037748470851168836,0.0002509059834530092,-0.0004142867939027628,0.0016957473442755777,0.011990141547666644,-0.014370238339405983,0.024805229587875344,0.0009726223243602394
2024-07-10,0.018803592527021573,0.002257434315787954,0.000829144721620434,0.0036603361122538036,0.0008186960746849881,0.014601540065147134,0.026868693543193434,0.00989528053077593
2024-07-11,-0.02322081988710123,-0.023724863074531144,0.00497017802172639,0.017733403441032136,-0.0016844104651364544,-0.02477202026793801,-0.055666850271793744,-0.00862278725723753
2024-07-12,0.01305077132027943,-0.0028710461411536325,0.002610173325153786,-0.0006270969301161999,-0.012099257414226905,-0.002529130159877102,0.014442782552675837,0.006307627031391316
2024-07-15,0.016743403426977332,-0.009100746683474936,-0.0031515586733915635,0.0032271131671974818,0.024934316105849952,0.0009039107844293071,-0.006190207683691051,0.0027500647684435275
2024-07-16,0.0017918920594164334,0.0015566783408964557,0.003848942840463332,0.019925798233449088,0.01699575036222334,-0.009780678325958081,-0.01619420600143362,0.005930338055305739
2024-07-17,-0.025296123052222175,-0.02637038381521739,0.0009584052786082431,-0.004643206403117217,0.015213876876586374,-0.013347505209812649,-0.06623935100110345,-0.014021235655336084
2024-07-18,-0.020534785047924276,-0.022242286163404512,-0.002599104308322331,-0.006381186355259194,-0.031770046605853475,-0.007102263594046421,0.026273439761312023,-0.007684866404461421
2024-07-19,0.0005800619744282809,-0.0033741230867346816,-0.0026061032929645123,-0.017937829186174925,-0.0009524192455927505,-0.007402876965594052,-0.026096293483935273,-0.00664064103061246
2024-07-22,-0.0015603671545767472,-0.003167158934036185,-0.00041223716622873496,0.00031573231212611574,0.002383393825171165,0.013337632608150907,0.04757059506530825,0.010309854435858412
2024-07-23,0.00468827967191876,0.021144894800451786,0.0001375068455851114,0.003516676143213937,0.00023772730878102166,0.004312201423614326,-0.007689909495180891,-0.0015683944689509621
2024-07-24,-0.028754315948423814,-0.029934025650088625,-0.0028888335763458395,-0.0035043524704835294,-0.008272667683218327,-0.035854927478720544,-0.06803161141214986,-0.022662531867334357
2024-07-25,-0.004804624361154031,-0.005419431054668911,0.0022075444137588107,-0.01564473026582147,0.00038349114452551625,-0.024481200051457153,-0.017242825478012702,-0.005210539336304998
2024-07-26,0.002161062032699057,0.014734466536293178,0.003991822174836512,0.010534525866662925,0.01710845598796351,0.016419765891243054,0.006946923025196172,0.01119967061635374
2024-07-29,0.0012846048734909132,0.003835599716395466,0.001233658682567862,-0.0014050562105476505,-0.006549270783725691,0.003433109075650309,-0.013001959631801174,0.0005879168006492907
2024-07-30,0.002566054608175161,-0.008133134602594794,0.0012321386440314885,0.009985461488319247,0.02058338208499655,-0.008928406045442094,-0.0704364400653954,-0.00506655567459402
2024-07-31,0.014990857920484935,0.029002194810164417,0.005470522030675662,0.018110725786084414,-0.011106510367485112,-0.010805844697452716,0.12812112164338663,0.01625473240430919
2024-08-01,-0.016750774798095835,-0.015563100170141508,0.0037383567235613757,-0.003442943141866439,-0.0227441860743135,-0.002964052527539396,-0.06674067008093287,-0.014160869859156988
2024-08-02,0.006869406976909742,-0.0878470841762542,0.011417732385709867,-0.0019046282784819235,-0.04241220075101726,-0.020666103216592457,-0.017764201074535912,-0.01861848434454616
2024-08-05,-0.04816709161118771,-0.04097671157906757,-0.0009406354168886022,-0.012691935106198704,-0.021291533152787312,-0.0326568116718009,-0.06357774887787271,-0.029123751439333545
2024-08-06,-0.009748079254626174,0.005651399696776416,-0.006188180219946826,-0.008000713832612472,0.027911797541755545,0.011286851176084856,0.037829841902901507,0.00921954742829767
2024-08-07,0.01249830014591824,0.0051874985158653075,-0.00243628817319419,-0.0006796279952806517,0.0002995220028831902,-0.0029528813437053048,-0.05122303759364988,-0.006683984946629917
2024-08-08,0.016633128367415484,0.018615215947435537,-0.0014922064066895668,0.015688013635013043,0.018263467115206877,0.010692057343278938,0.06126779427240936,0.023117361125918112
2024-08-09,0.013735849252642263,0.00687575011257735,0.0035329740523775133,0.0024552612171107047,0.008526933062387165,0.008269379686833611,-0.002095881271882316,0.004409810353311228
2024-08-12,0.007130066923382028,-0.000838620987187122,0.0017604905256554115,0.017144665770273848,0.0018949316161231966,0.0019456264401815915,0.040763762166143414,0.0005250533317735506
2024-08-13,0.0171929644535036,0.020563504874259175,0.0037849655416559713,-0.001532358906807807,0.008487429289415704,0.0176987455286437,0.06530911773455639,0.016445732363792986
2024-08-14,0.002033800001028263,-0.0007636117446156998,0.001884738354132276,-0.008155751250824572,0.011060885373962437,0.00688375452798784,0.01670402660200221,0.0031548955749161056
2024-08-15,0.013530569226876787,0.04403286281963403,-0.004166294925803449,0.0031388449312386157,0.0062309409514924585,0.011824008299626598,0.04048101432124951,0.017140163092787875
2024-08-16,0.005918521088720485,-0.002984395462729106,0.002159277842753493,0.02238773852658915,0.011439287395701658,-0.006080473250848817,0.013999682030387817,0.0022421066199815876
2024-08-19,-0.0007079616166469904,0.006551472258579993,0.0012122948851711612,-0.0016380226467286318,0.006916759683006646,0.007312458270454014,0.043506040731855045,0.009561430105987645
2024-08-20,0.0027447673937068817,0.003703308593809629,0.002959160861633281,0.0036699887797402297,-0.004316332056470085,0.007757411317865115,-0.02115379641321191,-0.0016260603752510372
2024-08-21,-0.0004856079512923772,0.006876093995775934,0.002145887517195133,-0.0013336178629832496,0.000372964353591021,-0.0015536990543711937,0.009823279223583059,0.00343634733544973
2024-08-22,-0.00825975339230045,-0.022097583221652117,-0.0040147586026889615,-0.011975011209935604,0.00945940479240548,-0.020252643742558973,-0.037042854140442616,-0.007848514301196041
2024-08-23,0.010288174603870104,0.005166572293719973,0.004434300979420769,0.011553425520716143,0.007755010399929985,0.002983942184119126,0.04549849769897918,0.010625499446326403
2024-08-26,0.0014989589696747796,-0.00869856159361615,-0.001070436125790497,0.0031893380775307456,0.003939470964518632,-0.00791764397142003,-0.02249351404227573,-0.0023839189947704176
2024-08-27,0.0037414502887189727,-0.013561281383547064,0.0,0.002706671669018279,0.004608193633944602,0.0008464010035587055,0.014550198844700546,0.0013730708321384455
2024-08-28,-0.006753463329221332,-0.013401063602498708,-0.0006693544261391349,-0.007026862307456638,0.00504142113872863,-0.007829036857176286,-0.020966630984292633,-0.005805185814678704
2024-08-29,0.014570067023204292,0.007728290643119529,-0.0014744688339696221,0.005177980359189593,0.004157513450144812,0.006137341901879756,-0.06384844017063596,8.941711011511977e-05
2024-08-30,-0.003437840233254219,0.037067191865004956,-0.0020129267449904287,-0.0071260085162319076,0.011655492514538013,0.009730757558372494,0.015137326047542476,0.009546297416345162
2024-09-03,-0.027205078598200205,-0.012605042016806678,0.00426221999352383,-0.0043235765879541255,-0.020017754422709255,-0.018459076759845927,-0.09524998146644648,-0.02057924624233476
2024-09-04,-0.008618967995622007,-0.016567365497562103,0.0044325752532865526,0.000607926500195255,-0.004403111588966335,-0.0013187736968919284,-0.016574086804137633,-0.002046831078605038
2024-09-05,0.006927847503684692,0.026308183871355473,0.00240709867395994,0.008332306942507639,-0.0077508140609298115,-0.0012472667091779632,0.009415358048675104,-0.0024320674546598475
2024-09-06,-0.007014986527561939,-0.03653943460735232,0.0012007684918347028,-0.007402630408956501,-0.023755828674095758,-0.016381396086042277,-0.04085434660951692,-0.016830203968230317
2024-09-09,0.00040754709835377767,0.023396899008788496,0.001332465830054197,0.004205876079289794,0.02047424905776274,0.010007472309666143,0.03539807685176166,0.011196137881657853
2024-09-10,-0.0036214743687437156,0.023660258265018275,0.003326622834817883,0.004404097525005923,-0.05188865005907184,0.020901166076213284,0.015309419741446284,0.004355801507269996
2024-09-11,0.011585231192673628,0.02768031821904482,-0.0005302950317372934,-0.001590555949419148,0.008124065041404949,0.021342255297447377,0.08149874798231838,0.010258963429025103
2024-09-12,0.0004941426114770664,0.013440254011034547,-0.001061587508045081,0.017567284525531468,-0.003040033035097256,0.0093608319718812,0.01916166075526915,0.008423009956556315
2024-09-13,-0.0012121458881236835,-0.0027272433520638684,0.0021255401430837484,0.009943683944142245,-0.011035811032486409,0.008407587299178898,-0.00033575866321489123,0.005223119674682142
2024-09-16,-0.02777528083677039,-0.008579580976924128,0.0026506112256290404,-8.374817448153493e-05,0.017325697146048258,0.001741698583675344,-0.019479452527636276,0.0014767043578509664
2024-09-17,0.0021725834761421314,0.010763186217390919,-0.001321964446313606,-0.0055309113549146804,0.0066872005381459765,0.008832872877646558,-0.01019014431212062,0.00040873357753001827
2024-09-18,0.017989925709678722,-0.0024080275860086653,-0.003044683951679228,-0.007710465405288858,-0.00821969998607952,-0.009973425861081964,-0.019205756603683177,-0.002965935955357324
2024-09-19,0.03706551232389366,0.01845197970580159,0.0,0.01554075728197235,0.01421475679231854,0.01829113701313112,0.039693120658917724,0.017064492025055333
2024-09-20,-0.002927532487892792,0.009111555436973395,-0.00013278657022075535,0.012710660066880486,0.002898136671487306,-0.007796045798850848,-0.015864918505927417,-0.0017286027009622007
2024-09-23,-0.00758109029489884,0.011899784481557152,-0.0006640210241781741,0.0019404068737312041,0.001658157568053653,-0.004043418499537044,0.002241276763623734,0.0024987947776549113
2024-09-24,0.003974135704396753,0.0004126358007008335,0.0011962497119848425,0.01396907347432852,0.0007091939921168855,-0.010011297817213771,0.03965255345552654,0.002861268497158287
2024-09-25,-0.004398159573497096,-0.007372694808574054,-0.0037165426369667465,-0.001381767735031958,-0.006616356666470757,0.006850340213545358,0.02184163226641722,-0.002205574021654777
2024-09-26,0.0050802033901389265,-0.007115748848874004,0.0,0.005086884066794806,-0.0019506674116224199,-0.0018513581722515715,0.004291163883545446,0.003964800214346642
2024-09-27,0.0011867046644595813,-0.016687603998192135,0.0029310339559989185,-0.007935830791900744,0.0034320689178719554,-0.0076278547513093375,-0.021283441613024756,-0.0014505077756773455
2024-09-30,0.022871940162120463,-0.008724793206352333,-0.002258379602299798,-0.007999374253898295,0.001710240588597145,0.005326735119663528,0.00032944517944732965,0.004007525213935548
2024-10-01,-0.029141532957444927,-0.006440170323887107,0.0029511095447849467,0.010491249392624136,-0.018116359761916168,-0.022333118212689018,-0.03656127955795141,-0.00895860358689371
2024-10-02,0.002519675193235038,-0.0019986515757441925,-0.0018639134441389427,0.00020358719772617384,0.0012075449905353253,-0.008462350897373905,0.015811972426736265,0.0004220737216988901
2024-10-03,-0.00489449635909045,-0.015154729791167831,-0.004401948085049678,-0.0006920058878576718,-0.009937804825198127,-0.0014143312620913395,0.033655865225834525,-0.0018282874847113106
2024-10-04,0.005007265589783927,0.02500542770436165,-0.006564886581888252,-0.001996030315693287,0.035493751599829704,-0.0011524105689583175,0.01684977005144095,0.00908742566416687
2024-10-07,-0.022530848527954284,-0.03061493551686767,-0.0029666453384198377,-0.0033877625757333663,-0.0013730603054191715,-0.015670831405351304,0.022414343946945303,-0.00904048416232972
2024-10-08,0.01840398053448067,0.010619458719785868,0.0014878467113617067,-0.007371925565205384,-0.0008533489488449231,0.01262392262424683,0.040479232336097404,0.00945766211928345
2024-10-09,0.016698452101093553,0.013408477078997505,-0.002701277250176548,-0.005446185963701722,0.012669070281977612,0.006631166842285596,-0.0018059932663959666,0.0069263742769880565
2024-10-10,-0.0021783238526293935,0.007992632403596822,-0.0004065323871170756,0.007342892553628744,-0.002717664754260607,-0.0038806846957396557,0.016283347012622906,-0.0017499289570287457
2024-10-11,-0.006505408532836432,0.011626110360002828,0.00013575030087453754,0.010913408354139564,0.04439959831530027,0.0011543506048659058,-7.414021161022966e-05,0.005988125594301508
2024-10-14,0.016479934342934044,-0.006779016992029097,-0.0006772213041299491,-0.001629502157067031,-0.0036438254629286293,0.006773562896759344,0.02425834450998643,0.008178347889252757
2024-10-15,0.011024685474710694,0.0007998782160802964,0.003930921779073282,0.003468359323146597,0.0041086675239383474,-0.0009542866642591186,-0.0468603477359969,-0.007769603150609483
2024-10-16,-0.008851884000882437,-0.004262363692000948,0.001350274057338785,0.005001609209081437,0.005620785201642775,-0.006256854842016879,0.03130686349208345,0.004346306574101622
2024-10-17,0.0015963480057223922,0.0034244710350397334,-0.004854255611067559,0.00598831083503093,0.0034876404850079368,0.0014419300805188495,0.008915431934238383,8.579046716006289e-05
2024-10-18,0.012276553423913317,0.007785456851548744,0.0005419681166065615,0.010618185005034864,0.00423306906168297,0.003455589988530683,0.007814310159864446,0.003846655742334004
2024-10-21,0.006297833056365443,0.0004233124965837831,-0.006771595374201134,-0.00019900127714245208,-0.010515976332356791,0.0014826957536875351,0.04137683655968494,-0.0016423865728770748
2024-10-22,-0.0026217866374042,0.003332044214411578,0.00040919268343442283,0.01078732362833379,0.005022397830714231,0.020846184644686128,-0.0008351158283215199,-0.0005310730568046651
2024-10-23,-0.021623015047929517,-0.026304640562205495,-0.0024533727837784403,-0.012050555849465017,-0.003167875470841297,-0.006806807618228161,-0.028066017478545646,-0.009137259973135414
2024-10-24,-0.0008232869080260219,0.009041189476714617,0.001639455652523658,0.007693259346016168,0.007027450332397711,0.0003061349115640599,0.006090713523475566,0.0021626945959039023
2024-10-25,0.0036431692992595632,0.007779788122410869,-0.0020459096010270184,0.0020569789010425055,-0.011867750183489845,0.008052213356990912,0.00804773413601323,-0.00034551236644997374
2024-10-28,0.00859930407844467,0.002981406341556969,-0.0012303748898601086,3.945407605776552e-05,0.01434936036371992,-0.003643665038933097,-0.007206396721738395,0.003091538099100566
2024-10-29,0.001156940092700065,0.012951868195294036,0.0008212976368555669,0.010894858433216914,-0.011529998557751497,0.012564787377578712,0.005195028642425603,0.0016184868692048493
2024-10-30,-0.015277974691205953,0.009956473710913016,-0.0009574128814576754,0.005505891218995584,0.006774402581805061,0.001342740708209167,-0.013522179397196799,-0.00302542299657671
2024-10-31,-0.018209493659384512,-0.03284388507953562,-0.00013658499509883182,-0.015495166963743978,-0.011095734405452418,-0.060527442667922315,-0.04722260609769735,-0.01960308836489222
2024-11-01,-0.013279547527440982,0.06185621865256041,-0.003872747101699714,-0.0041023758773532926,0.004596218658779128,0.009892799639987793,0.019885493081259753,0.004220588805548209
2024-11-04,-0.004037604306502018,-0.01086239567545566,0.0039978929280668485,0.0014259144001700363,-0.014174271190592891,-0.0046543695202960755,0.004800710089279292,-0.002154001685066964
2024-11-05,0.006486217739428035,0.0190009257528736,0.002471562003266259,0.002254447895034817,0.007780661128619748,0.0073447043256171796,0.02837188382640643,0.012091924203754711
2024-11-06,-0.0032669283786925796,0.038045094425516846,-0.008218153817712959,-0.030386729020158154,0.11544525369125158,0.021192907162066232,0.04074042599115346,0.02486548513056608
2024-11-07,0.02137210678805812,0.01429333510169939,0.00745758138724395,0.016076503855530166,-0.04322834332394465,0.012494460545905639,0.022457311806175717,0.00773216736757254
2024-11-08,-0.0011881973656511224,-0.008902691496347037,0.0019190274636184945,-0.006769426092267161,0.002538264163456594,-0.006793104433889363,-0.008396310365899273,0.004331816223316354
2024-11-11,-0.012028588279958119,-0.006436720074140534,-0.001915351850814373,-0.02347155656813127,0.009747711813426596,-0.010720754029198143,-0.016053442738621526,0.0009527815024188424
2024-11-12,0.0,0.010007771034946433,-0.006031484236121765,-0.008631355179477884,0.0011283844765044293,0.012009274800190317,0.020859013048837527,-0.0031063360412690866
2024-11-13,0.003969087468056243,0.024843245179395845,-0.0004137074700861776,-0.010081225320474285,0.00667876589937344,0.00512962033919484,-0.013621938642532472,0.0004858730024395186
2024-11-14,0.013770514347363871,-0.012237320417028852,-0.0002761811968787775,-0.0026091417886487944,0.0029442347650103784,0.003974574772019901,0.0033499129400862415,-0.006430310093229585
2024-11-15,-0.014109245028521067,-0.041942478231440816,0.00027625749400406185,-0.0017720694429753658,0.014222428861394132,-0.02785263857679776,-0.032570045142916504,-0.012808535846547398
2024-11-18,0.01342220683105988,-0.004491405455644082,0.0009659041452450001,0.019020246289590537,-0.001141407491106694,0.0018313591342009605,-0.012889270888890914,0.004097197010638043
2024-11-19,0.0011402384149561406,0.014427385751800914,0.0017917062894299285,0.008959325127211537,-0.007917397119499459,0.004882709734594259,0.048947717364517196,0.0036555808849032534
2024-11-20,0.003154131893945644,-0.00845508881471324,-0.0011004528041274053,0.005632045702723465,-0.009502575693187243,-0.005505229912872389,-0.007618445067928747,0.00033882773833160407
2024-11-21,-0.0020960983788866905,-0.022180598835253806,-0.000551112889224159,0.008339500390982302,0.016529551029752065,-0.004316785172784554,0.005346353894959854,0.005368352731534021
2024-11-22,0.0059075169290669916,-0.006351495788949668,0.0004133101577479259,0.012892210445830665,0.015484560860999697,0.010003131564683576,-0.032181156755705764,0.0030992892063126387
2024-11-25,0.013050933317995117,0.021966324768223133,0.009229920040030981,-0.029458856541118794,0.0070005246705804325,0.004292561539649853,-0.04177514967452134,0.003392210018917652
2024-11-26,0.00940434364985232,0.03181932866326265,-0.0017745645233104845,0.0019383092584315254,-0.0012784387590708546,0.02196810579541042,0.00661663090008191,0.005221380682413512
2024-11-27,-0.0005530768936284902,-0.010199148999145757,0.002735038244339183,0.002222714763140843,-0.0007202003815949265,-0.01168257592718358,-0.011539659277233771,-0.003029984694522536
2024-11-29,0.010215818045905767,0.010450052683389277,0.003681953057013576,0.008624546377060671,-0.0002800759286032406,0.0011111811130311011,0.021501605049072836,0.006212049739253267
2024-12-02,0.009522601093399752,0.01356490130596999,0.0005858762782378069,-0.008754403389975018,-0.013895645241384313,0.017758434939384893,0.002748330849422276,0.0017924307507057868
2024-12-03,0.0127718170011486,0.012956175029913197,-0.0023152715621754805,0.002012776164397767,-0.00580705618163857,0.0005105044256614732,0.011758136848093015,0.00046384223378992395
2024-12-04,0.001483670323441988,0.02211394849472459,0.003413103525451655,0.003033679807253664,-0.005800179628960511,0.01442482903605291,0.034792338287240376,0.006209406835690379
2024-12-05,0.00012347708956528258,0.010955259211262725,0.00013625851132603728,-0.007397709454119217,0.008545535219338651,0.011887893093393664,-0.00048204422129216606,-0.0016455346383350555
2024-12-06,-0.0008229104746191318,0.029381072944344444,0.0027201619334324967,0.0003705687954560499,0.007658447309742078,0.0021463356507571696,-0.01806156791968716,0.0018954890522955292
2024-12-09,0.01610101046381973,-0.004140432746599476,-0.002984523441325271,0.009919751769426055,-0.014351425613830182,0.005523270324049534,-0.025484423551181634,-0.005149571116736196
2024-12-10,0.004133779801217763,-0.004644181824783544,-0.0010886705486123915,0.01316431251835759,-0.0038965459151830695,-0.006031084817080479,-0.026943290274240583,-0.0031090940537520373
2024-12-11,-0.005165986892405217,0.02319588240507109,-0.002179382420975151,0.009533812345188464,0.0027588011822299308,0.012767049084456916,0.031391101023708456,0.007730740341302056
2024-12-12,0.005963710615935591,-0.0056023335225716675,-0.003959000654810696,-0.014663722649505995,-0.00821249210917574,0.0012695308403010142,-0.014141191427792577,-0.00515274218354822
2024-12-13,0.0006855702389934049,-0.006594726378065796,-0.003974847877222354,-0.012091578404740733,-0.0065830715465258205,-0.005093871089254076,-0.022498770764182496,-0.0001985151151840947
2024-12-16,0.011727720864164848,0.024048121869595374,0.0011006198874363715,0.002415209844427002,-0.001500349104496368,0.009658653563022757,-0.016759991476465563,0.004270056430311087
2024-12-17,0.009719587041880029,-0.00764177579215608,0.0001374401767086919,-0.0038386247250202787,-0.005092229712593155,0.006355212477715089,-0.01219690084916969,-0.0041200937101640855
2024-12-18,-0.02142178972731157,-0.045987410359975445,-0.00783357121791406,-0.01918507783771317,-0.03352090905661431,-0.03756106138985005,-0.011350490096976307,-0.02980346115350485
2024-12-19,0.007014732802315349,0.012561168873593154,-0.0027708003111445167,0.0014210967336203417,0.011242971385044598,-0.0008229808270954209,0.013730422811670584,-0.00030704650479618234
2024-12-20,0.01881575860588436,0.00729994595290151,0.003055943023973162,0.010434056495473909,0.019917515560039734,-0.0009838400526486213,0.030762189246482885,0.012010906155728973
2024-12-23,0.003064980125057515,0.0006224408269079884,-0.0031848758800920862,-0.004708795377563968,0.0033248952781033125,-0.003092203904678348,0.036896788871652264,0.00598841886167123
2024-12-24,0.011478016014876635,0.017728630305015702,0.0014354449479068165,0.001992014086009908,0.01644376385891988,0.009373920499681443,0.003937958121885465,0.011114887732055045
2024-12-26,0.003175811542425633,-0.00873171784917226,0.0006961459656973368,0.006751179863859091,0.0034252683980184884,-0.002777006757975875,-0.002068276895827892,6.659179477574995e-05
2024-12-27,-0.013242255697510141,-0.014534256804240364,-0.002086309978880374,-0.0068705038771271765,-0.008102303286346868,-0.017301489743213883,-0.020867715886027982,-0.01052648096742248
2024-12-30,-0.013263393440257065,-0.010949707031249978,0.0039022941579573978,-0.0031896811646235923,-0.00767087745297379,-0.013239577765708943,0.003503576688700605,-0.01141148084241339
2024-12-31,-0.00705786004597142,-0.008630834323407832,-0.0016656542013827602,0.006233636577161361,0.0016295669127790458,-0.007838272643464594,-0.02327437030592172,-0.003638135153892552
2025-01-02,-0.0262359820000041,0.003783225458606987,0.00041691143995548074,0.013587714119632333,0.001209737576604919,-0.006927727150614182,0.029935119579002745,-0.002457123996579935
2025-01-03,-0.002009446394338199,0.018027432561515733,-0.0012511126874026335,-0.007864039973028869,0.013666686661931493,0.01139567952579168,0.044537666756603755,0.012503404560544995
2025-01-06,0.00673906926788681,0.015254909370185477,-0.0009741314726205985,-0.0012320959587239777,-0.004875447595385496,0.010629557358529329,0.03433240961951434,0.005760615382937484
2025-01-07,-0.01138771423809637,-0.02416414035082548,-0.0034831095221898867,0.005633435188264313,0.009632539176231747,-0.01280834133982478,-0.062169630329582226,-0.01130394116073763
2025-01-08,0.0020229253032912897,9.006470850470016e-05,0.0011187261088869693,0.005315681488123669,-0.0001644146238112265,0.005185057215042033,-0.00021394647499739516,0.0014609058966514876
2025-01-10,-0.02410378997014162,-0.014360970473526025,-0.005166914216436114,0.009558310004399662,-0.013408494100437207,-0.013213730863895767,-0.029976585189641636,-0.015267427998534089
2025-01-13,-0.010344173195219075,-0.0021923619356289947,-0.000982585982802875,-0.009951255605703757,0.018093154817928614,-0.004200864938587956,-0.01971875866482775,0.00155047779484363
2025-01-14,-0.004778004147505732,-0.003204303696411115,0.0007024562439663651,0.005249423200524461,0.013349067429680117,-0.003643466142500218,-0.011033635871778857,0.001375843498309326
2025-01-15,0.019675822460688108,0.025670516796895804,0.008003742894752808,0.007488993695735191,0.019719642923622827,0.025597229564427115,0.03400127995976865,0.018190137415575514
2025-01-16,-0.04040017608687774,-0.012043887924316987,0.0019496650175307995,0.006910965874952435,0.007608485383525432,-0.004058149938517497,-0.019597748143362348,-0.00192320642202648
2025-01-17,0.007535178800128772,0.023928209424767255,0.0002781262009163843,-0.005307269747253374,0.019231537366742657,0.010481015092373758,0.030995047245094387,0.010039901270404217
2025-01-21,-0.03191579433189162,0.021111818274402117,0.002918669862785661,0.01548521901629396,0.014932859339785942,-0.0012353857550320146,0.022656149000638726,0.009153480443916395
2025-01-22,0.005345038978352257,0.018638063663626525,-0.0020787932483558036,0.005135652699768123,-0.0007222864706252219,0.04130696909127907,0.04430876492878277,0.005621538331987974
2025-01-23,-0.0007595467500304265,0.0017446222360446573,-0.0015272645080579572,-0.0014148699521492336,0.011832311288589858,0.0011429329132637278,0.0010199494888094573,0.00545805853915704
2025-01-24,-0.003934505603846894,-0.002421170970448472,0.0019467951013625306,0.006218705580030903,-0.004173934469122398,-0.005932318562008931,-0.031245854449044264,-0.002919264959769352
2025-01-27,0.03178021567167488,0.0024270472668348475,0.005275094090627874,-0.0104048052682425,0.0038137577374568465,-0.021393477939779526,-0.16968162304901901,-0.014145356222404648
2025-01-28,0.03654381265795292,0.011596277923593856,-0.0005521535440371483,0.008656417783572623,0.004852399575814292,0.02908698945008359,0.0892587034312382,0.008592418892591214
2025-01-29,0.004617003049084634,-0.004534900692607424,-0.0005529056493948081,-0.0038404097330004827,-0.002096326990286501,-0.010890032081781742,-0.04101105299054608,-0.0044829666982550975
2025-01-30,-0.007394699376940372,-0.010250170242948609,0.0013824137556990301,0.01514551884715587,0.006189547961890085,-0.06180905634681555,0.00767982708714765,0.005367082266790391
2025-01-31,-0.006692283514400876,0.012955989149507907,-0.0013805053261463085,0.0019763991077348386,-0.0034673324832831254,0.00016876297114198913,-0.036742788709824614,-0.005321911081975883
2025-02-03,-0.03385603892478206,-0.0010938846972727845,0.000901442912529582,0.005337271410283728,-0.001833100240339336,-0.009974455472283594,-0.028400036501678105,-0.006729655863189077
2025-02-04,0.021008018792029626,0.019543422733693472,0.0013853026085675069,0.00984841707528572,0.00423531663405341,0.0035285499557156097,0.017057965066677117,0.006708265932884538
2025-02-05,-0.0014175532806101065,-0.024332807771026643,0.0051200574821010925,0.006209542410714253,0.009293115778499228,0.002231146475309087,0.052086035354348414,0.004054526641777523
2025-02-06,0.0032262253810400043,0.011263088803542765,-0.0011013822224787972,-0.0026502562908058414,0.023924814105505954,0.006121526763915641,0.030841904405606746,0.0034757322910417
2025-02-07,-0.02396888342173853,-0.04053095448794508,-0.003031973967963175,0.0017841598670260694,-0.003972652471149085,-0.014597746030958647,0.009014563814722765,-0.009153513013858694
2025-02-10,0.001187458730378399,0.017412199866636335,0.00027654318565706326,0.016938239196991,-0.0172587106723886,0.006028136427951081,0.028727815581561567,0.006791120950360163
2025-02-11,0.02183169513021288,-0.0016299428832775575,-0.0016585775168250771,-0.0036516022155236305,0.014573467289369368,-0.00189216424216343,-0.0057649426411717775,0.0007605411933127026
2025-02-12,0.01827027030591455,-0.01645472556041927,-0.005121513156888691,0.0010471549570203464,0.0016728672143639933,-0.005833231074290346,-0.012499825953392829,-0.003221485072722685
2025-02-13,0.01967319998593431,0.006290143220533118,0.0059831573151107875,0.009862831092105617,0.0031584135969318083,0.0036671419446496767,0.03164535647593825,0.010557604278849553
2025-02-14,0.012710697826132211,-0.007336035409240549,0.003180834116617959,-0.014871773334245608,0.0009770405707392182,-0.00513958064542086,0.02631404760027567,-4.917696795181392e-05
2025-02-18,-0.0005314861821118511,-0.008877028355405714,-0.003722497194841967,0.01656090548123368,0.012147995963779579,0.0029625308348093515,0.003960993622789344,0.0029357955473410247
2025-02-19,0.0016360910581458832,-8.819331220011328e-05,0.0013839119179455128,0.000554096378723612,-0.0025005599106658893,0.012523186654196383,-0.0012195664723472222,0.0023548173146026308
2025-02-20,0.0039204553000191655,-0.016546793977871843,0.0012437102704436764,0.0005168326664386491,-0.04458366639668787,0.005290711430345985,0.006320622976546231,-0.004160245253420958
2025-02-21,-0.0011389591287577217,-0.028266344731418536,0.004416860060571182,-0.0009225433005247696,-0.009595170205107917,-0.01903264378793723,-0.04053964441074476,-0.017104107843856187
2025-02-24,0.006312366928012514,-0.017868663239768212,0.0013742129744231946,0.005429568123388684,-0.010974902015009502,-0.010313296708191477,-0.030870994283646036,-0.004550303389776356
2025-02-25,-0.00024272402154590367,0.000423094048469963,0.006312461243543899,-0.013188334192659745,-0.015076182829164564,-0.015098974384675445,-0.028016674607738046,-0.004973286374205688
2025-02-26,-0.027040246086289188,0.007283848822975836,0.001500398438530004,0.0015263333689308212,0.0054004061298909,0.004599204235896437,0.03672110394713779,0.0005047975617609168
2025-02-27,-0.012730768472311027,-0.02617215045770671,-0.0012257496133025736,-0.015239958822878874,0.0010045248879773094,-0.01801222535696867,-0.0847805804741969,-0.015961911190013223
2025-02-28,0.01913172985958922,0.016958863624485065,0.00422657279559302,-0.006265820058134697,0.021617397237236435,0.011362150012946381,0.039700371673689006,0.01560549055036331
2025-03-03,-0.015754232451486216,-0.034200087377916355,0.0023011040833349483,0.013180390342641513,-0.015227605564322566,-0.02141100239212812,-0.08693563240438495,-0.01751987501654706
2025-03-04,-0.008822402413990571,-0.005950644792114046,-0.0028529299433247557,0.008697635934455272,-0.039789734084402006,0.0003087413301356978,0.01692093873052891,-0.011836867992038314
2025-03-05,-0.0008052330722259082,0.022374865016246748,-0.003542247553389166,0.0020813110966888537,0.00511486761938551,0.03193439701492018,0.011294060111450621,0.010747947228388455
2025-03-06,-0.0017391694763003729,-0.03676331176651382,-0.0008204237141143933,-0.005081207410422395,-0.01983856476679602,-0.01029870731484639,-0.05737425087857684,-0.017751261304090216
2025-03-07,0.015892485800142353,-0.007224698407026442,-0.0010947964824822298,0.0005219558189655249,-0.017279192742765792,-0.009020163774127177,0.0191734956034193,0.005604994241949157
2025-03-10,-0.04847952646788245,-0.02363867861413893,0.004657323826181559,-0.008755937163287819,-0.04152225917782071,-0.03343416579797065,-0.050670109824213716,-0.02663561657302338
2025-03-11,-0.029189322667941164,0.010537694677220655,-0.003817437374295851,0.011727541035094546,-0.01326311594771501,0.0007629062358160965,0.01663860829926289,-0.008312890256780947
2025-03-12,-0.017478761575147272,0.011699491808345508,-0.00205297505322255,0.004346793335703092,-0.005411672135538725,0.0074121512168277,0.06427592945435157,0.005306487954566119
2025-03-13,-0.0336437058319391,-0.025139524437347016,0.0030171582059139723,0.017756144523255468,-0.011891152811499328,-0.011741034835942021,-0.0013823975547497813,-0.013330325248605779
2025-03-14,0.018170562751941066,0.02093969555611075,-0.0024612782090855934,0.00039975774946587883,0.03219516029893543,0.025846867436050136,0.05269075080871022,0.02065545115560541
2025-03-17,0.0023889651065525097,-0.01116439246854839,0.0013707138467886626,0.0054135329342379634,0.00641008861506176,0.0003602390902559538,-0.017588588459607313,0.007711448795157061
2025-03-18,-0.006121500615977715,-0.014917738259935254,0.0010951360814708266,0.011671955843306048,0.004445847738435038,-0.01332642502657011,-0.034300941316487976,-0.010808379622018083
2025-03-19,0.011989248203646552,0.014106347155876442,0.003008412143009398,0.004107707999658539,0.017619234457521005,0.01121195594833524,0.01810613756470869,0.010890845995021214
2025-03-20,-0.005296387612504949,-0.003017266841301769,0.00040881824236871367,-0.0012805854303336028,-0.0004183116895498662,-0.0025268825449781263,0.008594317626861026,-0.0028918084037365954
2025-03-21,0.019476826454002172,0.006463245885351521,-0.0008175214725377744,-0.008049901213267985,0.010962024202374021,0.01142578814293449,-0.007002478113307897,0.00032989199083721665
2025-03-24,0.011270501451998038,0.03593082692897376,-0.004364522555442507,-0.004452548665506595,0.02661083234726025,0.004651657731501446,0.031520908262874014,0.017908599461789354
2025-03-25,0.013681841146428786,0.012053587883713357,0.001233106050644528,0.004400365088198743,0.012376200443338092,0.0052915097113976906,-0.0059303958635675835,0.0024038215328545665
2025-03-26,-0.00992184063628776,-0.022264360904062586,-0.0021892931203245647,-0.0008259812019960622,-0.0003982897206507019,-0.013133913367909145,-0.057419787793092314,-0.011938228305225729
2025-03-27,0.010472665543175053,0.0011435177345771042,-0.0004111726522785242,0.013405732882559862,-0.011592331277104795,0.0015643219223575588,-0.02048169079087525,-0.0026558447361686444
2025-03-28,-0.026580320996315576,-0.04290822091507418,0.005761211131371846,0.007412123023167849,-0.021239600627075084,-0.030160314474539707,-0.015794676608994695,-0.020138105395326567
2025-03-31,0.019412629300024964,-0.012764667384211892,0.0017732209211560601,0.014363222998346137,0.010088471661897191,-0.009002169206220878,-0.011762611854777782,0.006712577101404937
2025-04-01,0.004771977732473953,0.010038913682617334,0.0031416441165070808,-0.0019782303576065807,-0.006685670490461981,0.018114608870151372,0.016331513496370187,0.002824553701041621
2025-04-02,0.0031363356171891787,0.01998228846583383,-0.0008171302090277388,0.0020516615880092903,0.008864858224146621,-0.00013087026305891314,0.0024510699831183924,0.0063284086265045225
2025-04-03,-0.09245611817424748,-0.08979129298487254,0.005178589427063951,-0.006038278082531101,-0.06968504465784697,-0.02363005335818502,-0.07806547074373227,-0.04928080108999533
2025-04-04,-0.07288738641142001,-0.041533565999713695,0.000813367958234501,-0.02339226273628292,-0.07483844684024854,-0.03556598848926573,-0.07357568117034718,-0.05854299254528794
2025-04-07,-0.03673429969943287,0.024912248577988017,-0.01205643726954353,-0.02148580630415131,0.019783186736028302,-0.005502483478589726,0.03530901116249785,-0.0017811884523963872
2025-04-08,-0.049818177330232194,-0.026246667744515673,-0.005758703595091452,0.005443793790763651,0.011331779369826434,-0.009221403680552576,-0.013723752947877199,-0.015662692960500824
2025-04-09,0.1532885256174954,0.11977031526306248,0.002344472978166978,0.03699125081478161,0.08055519330102112,0.10133676255656754,0.18722741037576052,0.10501943377603062
2025-04-10,-0.04239378450258846,-0.05170070417193329,-0.007980126474106286,0.0244235794430141,-0.03085262909005604,-0.02340635461455909,-0.059127169778110056,-0.0438192832644565
2025-04-11,0.040594504137098086,0.020141230945248445,-0.0011097186682575977,0.019086664805096243,0.04002466138414196,0.018618046476506445,0.031235504378898327,0.017843013853856338
2025-04-14,0.02205391747218255,-0.014875318183769082,0.005692833756370197,-0.005705977012200658,-0.006265860053064953,-0.0016475569000955481,-0.001983199247851286,0.009701274021056916
2025-04-15,-0.0018763741147476143,-0.013891933050343641,0.0024852424898138548,0.005232379352138938,-0.006774030663413089,-0.005363495758925474,0.013458518216612925,-0.002800677627367354
2025-04-16,-0.038933304436288285,-0.029288905919567454,0.0027543141412367245,0.0325408102664011,-0.0150987997168045,-0.036605948501585495,-0.06871652057100186,-0.022228190960692285
2025-04-17,0.013949492299973665,-0.009866352335440198,-0.002197354963952125,-0.004390692094044635,0.01023474222494336,-0.010306605764699883,-0.02871097507287479,0.0014268350248789474
2025-04-21,-0.019392623671399822,-0.030647084568839134,-0.0055059261033001405,0.03093558529908469,-0.01280396646568338,-0.02354657773760127,-0.045127402536006,-0.02380276591259234
2025-04-22,0.0340649121692449,0.03502262189247651,0.0017993690230371229,-0.014195668551963636,0.028822199992084574,0.021441343736261498,0.020431138595061515,0.026017821531153285
2025-04-23,0.024331715299455325,0.042845673527805994,0.0020723551869989976,-0.023978630729734163,0.02245429063809956,0.020636894150706908,0.038628832694534765,0.015495480308824972
2025-04-24,0.01842603693409406,0.03289029336584037,0.005652693599922376,0.014556277018207942,0.01560940105904951,0.0344824605846239,0.0362184435452948,0.021048797351124193
2025-04-25,0.004367209240368153,0.013133978209558528,0.003290487708899059,-0.010841679678267213,-0.004455511313627536,0.011748248743475687,0.04303307785020882,0.007225425345687153
2025-04-28,0.004109420861617918,-0.006825802991833552,0.0024598814307585926,0.01424210344049559,-0.0013549473928955447,-0.0017609840307352131,-0.020538693171568978,0.0003813851666460977
2025-04-29,0.005091920047891385,-0.0016515586767922308,0.0025900547011425967,-0.009738925467677184,0.005756012156142631,0.007362759844095734,0.0026670386111387057,0.006299276475910887
2025-04-30,0.006107585626286438,-0.015849304820837684,-0.0006800504339870006,-0.007482221012837353,0.0,0.0030961718464534993,-0.0009172729668814883,0.0003968300935219826
2025-05-01,0.0038588909727230725,0.031341496782804956,-0.002784522281792823,-0.02077228754256477,0.009279811720926734,0.07625353781859867,0.024697079525506593,0.007087092087886715
2025-05-02,-0.037361808129212304,-0.0011566836184702112,-0.004927545231480535,0.0017481999132260562,0.02276312495905941,0.02322514136603182,0.02589380833985855,0.014844024038501491
2025-05-05,-0.03145845887412513,-0.01910722026349243,-0.001375430735378047,0.029867754776654154,0.0001980198019801982,0.0020447741898392824,-0.005938915876446016,-0.005734215590911473
2025-05-06,-0.0019106203280501166,-0.007190832051464091,0.0022042263275610097,0.02802400275899264,-0.013105820629578324,-0.006557113423069083,-0.0024599709338405384,-0.008358325676825262
2025-05-07,-0.011384748507727971,0.019998985551532122,0.0019240581588759742,-0.014993060801348546,0.0005617699999147518,9.231617222149602e-05,0.031002236780898196,0.004205416334334133
2025-05-08,0.006318430876231851,0.01785806262143419,-0.005349998175726123,-0.0196942722998793,0.01635981313417778,0.011122645221518068,0.002648250050777179,0.006967762571935099
2025-05-09,0.005266073450536091,0.0051020185245573835,0.0008273766838620134,0.007254674259445482,-0.0015386429697935577,0.0012780913535699323,-0.006134396258082764,-0.0012741118157988396
2025-05-12,0.06314610410356525,0.08070031092964336,-0.003444901443503845,-0.028190568373488878,0.02754067890562384,0.02400105702007993,0.05443625040959432,0.03304742941467098
2025-05-13,0.01015229643807336,0.01308471882441209,-0.00041460954140914996,0.004258992599597278,0.011382517332089837,-0.0002671160582230492,0.056341352608381357,0.006603860821533747
2025-05-14,-0.002817740027887483,-0.005298742220089303,-0.00345857510506542,-0.021037827999516923,0.009999777803839205,0.008460523537778375,0.041637976402931764,0.0012778717044652499
2025-05-15,-0.0041445074093784395,-0.024161720956264898,0.005413645442202242,0.015963953531585195,0.006963998849431441,0.0022561901154514175,-0.003768333892198772,0.004884496833940988
2025-05-16,-0.0008985115224213747,0.002047074000553817,0.0006905546525706185,-0.012087047232674286,0.0002618192524190821,0.00251580003751406,0.00422751829614576,0.006334043929497213
2025-05-19,-0.011739086232724016,0.0027725440652370814,-0.0002762736883749062,0.012880671121226372,-0.0100164911130316,0.010126112895276762,0.0012555923854631335,0.0010938196429841618
2025-05-20,-0.009196290225973569,-0.010137739138364021,-0.0017940154950027987,0.0186222454642182,0.003020355307047362,-0.0015253635089930162,-0.008777786819670563,-0.003362153676216839
2025-05-21,-0.02305911477177236,-0.014455883280997672,-0.006221486418333644,0.007378683875855163,-0.01746466239067712,-0.0122225574724798,-0.019199142909416378,-0.016850775346555102
2025-05-22,-0.003612234385890978,0.00984492359983613,0.0027824652241852377,-0.008861493387459118,-0.0014173436580695586,0.005059984166988496,0.007814682829794917,0.00039470808698149895
2025-05-23,-0.03024440545296725,-0.010388973643241206,0.0015262203390995488,0.021906288045034472,0.00015333689680763207,-0.01028894598357466,-0.011593859125610062,-0.0068258512570531504
2025-05-27,0.02529834321109603,0.025026113945093353,0.004709656211471902,-0.016949152542372836,0.017567448750744674,0.02334624314714917,0.03206648744166052,0.020790577842265234
2025-05-28,0.0010489616970208449,-0.006310081665849121,-0.002205913204126664,-0.0022660178699712707,-0.006785178462715757,-0.007228303770779765,-0.005092188504347228,-0.005785347645933303
2025-05-29,-0.002345136061230768,0.004787005283780621,0.003592713123093283,0.0059247154716217665,0.0033400364947704375,0.0028861960236381545,0.03249006182343783,0.003947442276660329
2025-05-30,0.0045011768949494435,-0.0033544115296213484,0.0019275025035427884,-0.006576942326457891,-0.001399608913333683,0.0036625494394211255,-0.029168568134880113,-0.0011185059286688004
2025-06-02,0.0042320537763562704,0.007999607012299847,-0.0022061016343416506,0.026581051258171673,0.002499980467977725,0.0034973686543957605,0.016650671844714582,0.005632921295571913
2025-06-03,0.007783765588379676,-0.004548692041520419,-0.0011053246330087196,-0.008855551213511115,0.00608328113182699,0.002164620205638901,0.027951546130200455,0.005702557269405606
2025-06-04,-0.0022136789123287093,0.007388989179248462,0.006224661345517024,0.006441974072654677,-0.007698904604683698,0.0019439369823430752,0.004956805000453368,-0.0002684085986693896
2025-06-05,-0.010797848768936635,0.0032814165352026414,-0.001924479291217307,-0.00504987891618125,-0.008591487391755526,0.008213523901960063,-0.013599160107292785,-0.004832859623354335
2025-06-06,0.01639831188885066,0.027223334916139486,-0.005371715544157163,-0.013416073696802311,0.014430508940664,0.005773276270153227,0.01235795792544181,0.010268926608390405
2025-06-09,-0.012112648419101646,0.015966607137600786,0.0015231886061610744,0.004718534884218695,0.0038006474166547566,0.005038429436188929,0.006421295463690413,0.0009013321741184743
2025-06-10,0.006056171467545779,0.0029035159702168745,0.001935875473428661,0.000293510988597534,0.006973124216932414,-0.003870885797058965,0.009324728528698367,0.005669821601985259
2025-06-11,-0.01919371389939728,-0.020265629565462184,0.0031744102955795217,0.005412290790508978,-0.0016754199603018494,0.0036098125865677844,-0.007780617660295364,-0.002852077351950366
2025-06-12,0.002112784221112385,0.00018765734284498237,0.0037141563866502914,0.0124202002480438,0.00033564634063898424,0.013224147997050295,0.015192998415927361,0.0039742753822695764
2025-06-13,-0.013805157259944911,-0.0053460859139069505,-0.0035636915479841935,0.013100564311248064,-0.012265039017445467,-0.008165081256716444,-0.020896660418388446,-0.011180059785133145
2025-06-16,0.010027938173407858,0.018859028217320217,-0.0019254283347097667,-0.01425909653729851,0.02041881018840974,0.008800816105585474,0.01915899769365792,0.009514136167775744
2025-06-17,-0.014010596445348411,-0.005923177895162723,0.0031698153616288582,0.0005131941200071655,-0.0031070916708789698,-0.002295768919517105,-0.00393947448259413,-0.008544966880486782
2025-06-18,0.004804711122616601,-0.010706651956707725,0.0005491451556560722,-0.005385627565021256,0.016473922454201206,0.004602103204535579,0.009436537667433242,-0.0001508166576998926
2025-06-20,0.022484525012509637,-0.013316402099383007,0.0006865739217996047,-0.00041901914110908933,0.0037960967437731252,-0.005913666351435087,-0.011204227907487208,-0.002348474253184407
2025-06-23,0.0024875227541492073,-0.005818118205440093,0.0024701232297978937,0.0030631724583116693,0.011890926128774959,0.01801419776859814,0.002224579264125559,0.009877485739587577
2025-06-24,-0.005955301634066323,0.02062648355436747,0.0030111525095244396,-0.015719378751237634,0.010745048985954853,0.008456773229178483,0.025872113294978627,0.011047186039507384
2025-06-25,0.0062904828225489595,-0.0036659245365152637,0.0002727909446877952,0.003037305817845004,0.00995515093171484,0.004407236179819529,0.04334030552648316,0.0005603844216792719
2025-06-26,-0.0027782426676480343,0.024199205109171285,0.002865098602618188,-0.0011070472235482631,0.016510590171581407,0.010522668419684411,0.004600961838364892,0.007823911374270853
2025-06-27,0.0003979975434207361,0.028463559660798277,-0.002312605225487152,-0.018123728993798327,-0.005679662203069924,-0.0030355062338011107,0.01761070038597934,0.004968321792254926
2025-06-30,0.02034008166750545,-0.017510092291414314,0.003954132196776872,0.01198454729743359,0.00975241957358719,0.0029641143554672844,0.0015215186555777027,0.00478117884896645
2025-07-01,0.01291618357444646,0.00487719279454657,-0.0007492851786958798,0.008923010663382636,0.0017246336083325264,-0.01077596109777057,-0.02968551473840797,-0.0003237141327537829
2025-07-02,0.02223078455769123,-0.002449462616694653,-0.0010910111952269208,0.005527596405484614,0.005475019671244752,-0.0019508961331295982,0.025766382486490436,0.00453326557880418
2025-07-03,0.005225040243511225,0.015869432167251007,-0.0024568334546170023,-0.006822911403597365,0.01858228547149232,0.015781244910589187,0.013291030514695823,0.007881400243543668
2025-07-07,-0.01685785511830029,0.0002685535903059755,-0.0032844611336956264,0.000748780548875283,-0.013614848649652789,-0.002245249579748032,-0.006903408189216309,-0.00745187323644414
2025-07-08,0.0002856639596571231,-0.018391733064396676,-0.0005488690660749862,-0.010443411868664265,-0.03147582789357972,-0.00221012914051566,0.011122253738283794,-0.0005478346660828803
2025-07-09,0.005380692982602575,0.014496684294917905,0.003983393642528643,0.004471282664348264,0.0013437899209156612,0.013873821642202966,0.018000034950967914,0.005996656078344209
2025-07-10,0.00601505145040937,-0.0012581953255335065,0.00013680218805323108,0.0022257895319868215,0.017763693277095483,-0.004031702061665254,0.007490122703794899,0.002820258275139098
2025-07-11,-0.005884824162426194,0.012417933203629827,-0.004103829948177484,0.009601575193336043,-0.0046150819418785405,0.0036691184503567786,0.004996856190037535,-0.0035154084840562927
2025-07-14,-0.012028889648712626,0.0029775049161142597,-0.0001372381193647243,-0.0036553174266280575,0.00641446186142014,-0.0005960116601197996,-0.005153967733388165,0.0019080851570825175
2025-07-15,0.002348860273691855,0.0029243814744550622,-0.0030227056147906772,-0.004155705135267751,-0.007447315066781313,0.005566419101750819,0.04040960724382847,-0.004273113843065612
2025-07-16,0.005021215625020892,-0.013960696164789232,0.0019292823907135492,0.004988096125243757,-0.0025473738821999437,-0.0003954177757257149,0.003925040155780657,0.0033431741923299896
2025-07-17,-0.0006661748290881508,0.0030915472640284936,0.000275034286516318,-0.0021735334020257513,0.014274630737523886,0.012024859240198138,0.009511619418247186,0.006119637877514572
2025-07-18,0.005523257552692451,0.010050026580880944,0.001649970201900386,0.002600924347578637,0.004725718135035972,-0.003224620227927244,-0.0034103329892442025,-0.0007323346017438226
2025-07-21,0.006155875978032466,0.014018476542235536,0.0028828548945243337,0.015370115792427752,-0.0010299864220325583,1.9661203686682782e-05,-0.005974193271661488,0.001896143492131186
2025-07-22,0.00903615217897702,-0.007980819043607368,0.001642625763840444,0.009484882235462067,0.0015809907427972725,-0.00939111595220199,-0.025382153858991896,0.00014309729281114514
2025-07-23,-0.001165954944465697,0.003604836070819184,-0.002050050511162582,-0.01240118112003663,0.01828913578910929,0.001187483817070456,0.022450953030295873,0.008507575318954297
2025-07-24,-0.0018212218160039706,0.01725876103762447,-0.0012323397863198693,-0.006118276977772341,-0.0007076313089963149,0.009903805365183427,0.017332282040708913,0.00033102965109055305
2025-07-25,0.0005614314509685414,-0.00340177109187767,0.002467829439400271,-0.0092499926477293,0.00698022221429806,0.005539545733164841,-0.001381311185920775,0.00422424088026685
2025-07-28,0.0007948313685424147,0.005833005662313484,-0.001641278028460702,-0.00647361832754334,-0.0011385725724407658,-0.0023555287289833693,0.01873192540658941,-0.00025106902906613104
2025-07-29,-0.012987608774891357,-0.007646371539299812,0.005205653025892598,0.002750389076383808,-0.004157106923013076,0.00013661035730994087,-0.007015597487604053,-0.0026375650574512743
2025-07-30,-0.010507952278425825,-0.003549595623255297,-0.0025894013415270756,-0.017273497289540862,0.008719470153742748,0.0013071033263978293,0.021423228707702746,-0.0012592724779846298
2025-07-31,-0.007079572477626139,0.017029402351838252,0.00013650684090094067,0.0066454015709211944,-0.011314024994052319,0.03947471494486021,-0.007809419082620783,-0.0037512610547767444
2025-08-01,-0.02500355362250295,-0.08269617085933034,0.00866271909664107,0.020299689958884537,-0.023190721905458456,-0.017600790811475475,-0.023331592131278556,-0.01639041762130744
2025-08-04,0.004792832997508878,-0.01443541840985152,0.0006791595188682109,0.005823229257701401,0.01689892672914972,0.021999250613806476,0.03615015641036212,0.015199764160073403
2025-08-05,-0.002114571521469988,0.009922070229506863,0.00040760580619703113,0.0008040912066364925,-0.00982136619333196,-0.014730112378469884,-0.009666669213185153,-0.005069926343612585
2025-08-06,0.05090685764737546,0.04004677220394748,-0.0008144500138014266,-0.00212110700071233,-6.863507361143384e-05,-0.005324349564480024,0.006507293405648484,0.007659660445043404
2025-08-07,0.031793575553679565,0.0036885760119835798,-0.00040744949189697177,0.008437987494967825,-0.0151364068940818,-0.0078105222594552215,0.007524251609216215,-0.000837636431655131
2025-08-08,0.04235800487436214,-0.001971955504762035,-0.0021745946928495297,-0.00022357985855403495,0.006342652372638868,0.0023040884044205345,0.010676529865774276,0.007797652437033564
2025-08-11,-0.008337491848564249,-0.006241858073597895,0.0006811630252687717,-0.014374701087597641,0.0027705410800058505,-0.0005172458291825555,-0.003502989462430328,-0.00197750115446238
2025-08-12,0.010872419065924621,0.0007681796954406295,0.00013596762441836496,-0.0009074665058316222,0.011362172913530921,0.014316576774880296,0.006041988268502108,0.010646077812391797
2025-08-13,0.01602444528652036,0.01395221168040428,0.0036745018077575242,0.0030492830145867345,-0.007922174814610328,-0.016363075417943684,-0.008571851865693314,0.0034230360367946133
2025-08-14,-0.0023571690519698096,0.02858923333961183,-0.002847590015675028,-0.006338706734070332,0.012494406608017261,0.0036496665226828373,0.002368056413323494,9.310926376882023e-05
2025-08-15,-0.005112068529734892,0.00021648217457226338,-0.0013594578688519432,0.0005858183101099534,-0.012476296759548311,-0.0044210893947667085,-0.008625454083926454,-0.0023412933863844465
2025-08-18,-0.0030226633346253085,0.0019911124801876845,-0.0010894776021670438,-0.0015612675411803556,0.0035801570712412634,-0.005901999673326719,0.00864495483199712,-0.00021771255650937515
2025-08-19,-0.0014291944969683223,-0.01503309388634011,0.0019083418040708455,-0.005473279447945512,-0.002984147277675042,-0.014175142741905788,-0.034997993677144845,-0.00542510102815319
2025-08-20,-0.019734652812962383,-0.01842023178556884,0.0006803139817974646,0.010122175284489776,0.0054357363282671045,-0.007944713224745104,-0.0013663688324196954,-0.002657080804944645
2025-08-21,-0.004911305040181113,-0.008310623433453235,-0.0024472287073251664,-0.0034698951143765644,-0.0026346372425066766,-0.0012875212506091582,-0.0023945695563264424,-0.004011809805612443
2025-08-22,0.01271681885277487,0.031043025385826706,0.005042617594689602,0.01070642694476942,0.016365288161983793,0.005929855441425991,0.01720205556364718,0.015356833041096918
2025-08-25,-0.0026343069945183872,-0.003932852258726194,-0.0013561998088620353,-0.0024148368614391735,-0.004523372402210457,-0.0058553628679332,0.01022513232195954,-0.004401115665894628
2025-08-26,0.00946463359101557,0.0033781006590050122,0.0012224952005623901,0.007262047243691283,0.012444778930103428,-0.004402481594713348,0.010900505788703052,0.004187065214133812
2025-08-27,0.005145918125483151,0.0017926124405795996,0.0009493825687783009,0.0020187288833615202,0.002378048577233338,0.009361720297081266,-0.0009352225175625062,0.002278452752666471
2025-08-28,0.00898081290311703,0.0108240705271474,0.0012195229124338791,0.007419038046796889,0.00598105503882107,0.005722907173815406,-0.007874463590449854,0.0035414199062957508
2025-08-29,-0.001805954775134011,-0.011226278216735164,-0.0012180374878092426,0.00964990177666114,0.0011624674557149106,-0.005788384724478179,-0.03324642068345807,-0.005963734491660877
2025-09-02,-0.010424763463666054,-0.015982548742835667,-0.0021343526497160648,0.023642559312442524,-0.005706120110727686,-0.003098602510448023,-0.01952003517230927,-0.0074102526816088865
2025-09-03,0.038089831791702666,0.0028845707190781056,0.0032694350195896504,0.007831992196408066,-0.0006340658575461067,0.000455385449735779,-0.0009368946184118432,0.005419642546478309
2025-09-04,0.005493356125531701,0.042877945692648245,0.0038024995439569498,-0.004418882618094533,0.01439017382246699,0.005184534030341359,0.006095436334538906,0.008357320883294106
2025-09-05,-0.00037530576155930806,-0.014214150326010255,0.004734799201087325,0.01334594055214322,-0.03107099701781979,-0.02553298718707464,-0.027030036459454232,-0.0028961941058495144
2025-09-08,-0.007551387387481734,0.015107797009308976,0.003231668011337563,0.011388067271604019,-0.004993571694282495,0.006464603323435236,0.007723534284458378,0.0024565777359784047
2025-09-09,-0.01483938605882873,0.010176429751274751,-0.0018790495183507172,-0.002269905468609168,0.016865323749318373,0.0004215807422360829,0.014556415107065845,0.0023118846201510834
2025-09-10,-0.03225954103271722,-0.03320182790348514,0.0017479650623231091,0.0035922056391106683,0.009031256983065283,0.003932438221993184,0.03847507015453244,0.002890900188266654
2025-09-11,0.014286370691166894,-0.0016498279850283293,0.0021477586413238825,-0.0014913797811720864,0.016703214142683054,0.0012790818500065804,-0.0008458526038293002,0.008310195052279257
2025-09-12,0.01756295951024689,-0.007827802024989672,-0.001205624049296028,0.0019715725978484144,0.004418178503694303,0.017744143492950837,0.0036686942232229125,-0.00033472424849623206
2025-09-15,0.011235926409398633,0.014376501718361023,0.0018775380064013358,0.01040483601055886,0.006483959739133738,0.010707963157335909,-0.00039368431381092694,0.0053239632981088025
2025-09-16,0.006125890181851501,0.011320962964584513,0.00013390375559407808,0.0020064107533963593,0.0009388817671476257,-0.012263246171065223,-0.016146210499489166,-0.0013768849532600491
2025-09-17,0.003527257082143187,-0.010382430689534927,-0.0017399882361940344,-0.007715171664187115,0.008279557118633596,0.0019251597321499059,-0.026246649910796838,-0.0012422701734727815
2025-09-18,-0.004644562289381149,-0.0016837898189709932,-0.0025471021006405747,-0.0040063094596702875,0.004747565834964718,-0.0030782509566056326,0.03494053288969079,0.004672499098921978
2025-09-19,0.032032859968438965,0.0010811746080494622,0.0004030671673713737,0.010607227252210416,0.004948342564394359,0.01864473968015412,0.0024397172760990404,0.00495277480627232
2025-09-22,0.043095737653501054,-0.016632067201427403,-0.0018808577550217809,0.01730643093326134,-0.007433786509294937,-0.006718996817023926,0.03928232430745848,0.004731142076964234
2025-09-23,-0.006443219116596399,-0.030400202172415014,0.0020190628309812997,0.004086375052867464,0.0009601975900692672,-0.01014661097701286,-0.028211967028401452,-0.0054435624348510014
2025-09-24,-0.008332388601025364,-0.0022654160880354324,-0.002014994430621919,-0.009063049726670935,0.0021744329841544285,0.001806538348065878,-0.008182508094013552,-0.0031816642308674092
2025-09-25,0.018073060767529903,-0.00935476479077324,-0.0010768618073684344,0.004165188877066628,9.56599744377229e-05,-0.006115803306297463,0.004068588702951903,-0.004613467564511753
2025-09-26,-0.005489212856193304,0.007471945580644679,0.0,0.00577227044053652,0.008326582872310917,0.008737114243486443,0.0028138668279011902,0.005729127602591033
2025-09-29,-0.0040319034973952395,0.01087450815780766,0.0025603570010019894,0.016496514338703028,-0.0011705094210510136,0.006139228501036431,0.02053993896073769,0.0028103535347194786
2025-09-30,0.0007860573749713939,-0.011702709034319914,-0.000403279084914665,0.008540004081594166,-0.0008237156818382552,0.006510032948821021,0.026010326197546618,0.003766834755358328
2025-10-01,0.0032203038937570483,0.004827606336181178,0.0025224121663456334,0.0015753722020723782,-0.014963637299440169,0.0033980865173817154,0.0035373842616002182,0.0034074798459751143
2025-10-02,0.006576637201686664,0.008067800117406154,0.0010763803970617047,-0.003482825151325697,-0.01017024141097922,-0.007638977363165322,0.008812247405822538,0.001151824796685963
2025-10-03,0.0034612549164674267,-0.013039023009411066,-0.0012095731184943448,0.008032937892485048,0.008063610885318484,0.0031215812486466987,-0.006723594708770597,-1.4805406382656372e-05
2025-10-06,-0.005154581092728927,0.00633228292302257,-0.0022877746394989185,0.01884573861512795,0.0021067658070133,0.02168761724708901,-0.011086219191363433,0.003586271966467658
2025-10-07,-0.0008180040534181421,0.003983725247293846,0.001888238937108655,0.005159462258136571,-0.0048190269627856885,-0.008683890354990176,-0.0026948154076972264,-0.0037075138893177817
2025-10-08,0.006160158880694766,0.015510877718191152,0.0,0.01649095687844504,-0.011895318301915037,0.0016603249848197166,0.021995264931179426,0.005963055269571305
2025-10-09,-0.015577803989301087,0.01118907849570383,-0.0006730471793165993,-0.018452848086064955,0.004933844842007096,-0.004667862840408654,0.0182962524780399,-0.002896974724933221
2025-10-10,-0.03452204809648307,-0.049925397829666096,0.003906874426354845,0.010097700011942212,-0.015186751508114327,-0.021899000568715077,-0.04886532988389891,-0.027027862178845674
2025-10-13,0.00974435305541288,0.017100394188331425,0.0016102371857229514,0.02430104394061705,0.023530275827293723,0.006047446514153343,0.028172088682583807,0.015344118135168339
2025-10-14,0.0004441806313149055,-0.016721987604375044,0.0014738357050623208,0.007141189222626965,-0.019125314011642747,-0.0009337820107104822,-0.04402094463751838,-0.0012216462876413203
2025-10-15,0.006336506208048043,-0.003789417568938358,-0.0006690254263302942,0.017332403569977117,0.011950553926109997,-0.0002726225922623504,-0.0011107984306079066,0.004439529909605389
2025-10-16,-0.007579973963228515,-0.00510277898660183,0.0037484825341522754,0.02338727694573084,-0.023389823403856536,-0.003544761087517001,0.01101039928627312,-0.006810319600221937
2025-10-17,0.019559481728368633,-0.006667636156250767,-0.001333736759183135,-0.01881705572696646,-0.0032825360312291885,0.003850727276558219,0.007755344299286593,0.005676392528467966
2025-10-20,0.039438583313727404,0.016147214372026486,0.0013355179886171964,0.03640197438905224,0.016131073986504374,0.006250044848197911,-0.0031656380962610253,0.010400500262923273
2025-10-21,0.002021161098058055,0.025637486886977978,0.0012002163575488556,-0.06426889260666147,-0.017429602911737674,0.0016835437020132904,-0.008103395546085412,-1.494287878323064e-05
2025-10-22,-0.01644018580608131,-0.018375903497213075,0.0,0.00010605594835544352,-0.010030481077624498,0.005563501984168218,-0.004857566318624551,-0.005198916065879078
2025-10-23,0.004372292332100125,0.014406971477930908,-0.001998311536663855,0.004002358382396931,0.00146214738875039,3.8466739368026026e-05,0.010428245272369407,0.005929962705964353
2025-10-24,0.012481604994716955,0.01411194729592502,0.001334805262233285,-0.0033528327110016187,0.020031091733011985,0.005858990605509318,0.022507573914282597,0.008172554694480416
2025-10-27,0.022791195406501652,0.012309863182682124,0.0005330637253644355,-0.027839530498784404,0.012348538098207573,0.015106800881565352,0.02807914078902085,0.011797664492784632
2025-10-28,0.0007067784700340862,0.010045375014470892,0.0005331984894978437,-0.007166030388359279,0.003978387368642977,0.019848689894944593,0.04981991068259206,0.002656016019079832
2025-10-29,0.0026023570250897077,0.0045801659836763875,-0.004926815573655152,-0.0037872684129753864,0.0004912861327672768,-0.0009592785898672185,0.0298959843276152,0.0004803706386860007
2025-10-30,0.006303249053230431,-0.03230569840563213,-0.0017395742790751179,0.01964188672951095,0.012863613320436063,-0.029157133854966988,-0.020044438573744605,-0.010998097614260183
2025-10-31,-0.0037951562818203666,0.09584492754129248,-0.00026819041519476894,-0.005430550723012573,0.00542911503594512,-0.015120960204863643,-0.0019715110218919696,0.003280040742968948
2025-11-03,-0.004882115436205092,0.04004585509136338,-0.0011568155761597643,0.0017929035935666526,-0.005688993906809547,-0.0015063329682659665,0.021680040134361755,0.0018768302726830388
2025-11-04,0.0036796358788213634,-0.018425168014886806,0.0005387284236997303,-0.017517195825319742,-0.00032326632052193105,-0.005222027183646616,-0.03958815778988811,-0.01185354736001909
2025-11-05,0.00037025250608935245,0.0035295587926045258,-0.0028268277040501832,0.011564369498527016,0.00785768159410316,-0.013940587315086628,-0.01751466251475131,0.0034653852011290454
2025-11-06,-0.0013696651457605347,-0.028617121300727022,0.0039147707898847806,-0.0012005195756799036,0.005582745415031676,-0.01983592013361246,-0.03652480823530613,-0.010729363869237507
2025-11-07,-0.004818894404181151,0.005636975040415049,-0.0005379644616969603,0.006119021470095687,0.0025204530673132997,-0.0005632485423001654,0.00037220833593964997,0.000984565078659072
2025-11-10,0.004548580566314353,0.01632498741700883,-0.00026912701161641017,0.02734111859838051,0.008529457163438892,0.018477447130842206,0.05793254216114918,0.015604278627143309
2025-11-11,0.021601262506795837,0.0028180846386129943,0.002826172722547815,0.003937814406542062,-0.004007826562316463,0.005296469301678153,-0.029590603550341266,0.002289267544563822
2025-11-12,-0.006466751071293797,-0.01967085120518708,-0.000402766306622504,0.016110762091908537,0.01517646646955173,0.004836108255941829,0.003313345950255231,0.0005564804700675108
2025-11-13,-0.001901626573266424,-0.027108907452568887,-0.0029533025528974965,-0.008083098515826892,-0.03411247895856662,-0.015357889517838341,-0.03581023089314139,-0.016593994920437227
2025-11-14,-0.001978282909578022,-0.012164320933474637,-0.0014809724620115094,-0.018047911171504505,-0.018967392418583584,0.013689941864229116,0.01771389245716648,-0.0001637328001578009
2025-11-17,-0.01817127205638569,-0.007754941860691922,0.0005391709546864742,-0.011463979297139493,-0.010671601797418995,-0.005272698028360612,-0.018772717127981342,-0.00931643825039885
2025-11-18,-7.47610048428271e-05,-0.04431653833391602,0.0008086900667081398,0.007264932736103624,-0.003195971608445647,-0.026995524780487168,-0.028081441428459142,-0.008397553343794883
2025-11-19,0.004187958188325291,0.0006290693674619874,-0.00040396557074218187,0.0016294519610446923,0.012891963479127577,-0.013507824429130677,0.028451613832612743,0.0038631766432766224
2025-11-20,-0.008601462569680418,-0.02492255148822009,0.0014817705189815733,-0.0002933255655774847,-0.01612414009042684,-0.016001267976476163,-0.03152470515111849,-0.015242227316648038
2025-11-21,0.019680647235321702,0.016348913427910006,0.002421501389863634,-0.0015473311468576778,-0.0012066897894418283,-0.013189012159327329,-0.00974309888497693,0.009961232480063087
2025-11-24,0.016317581500066458,0.02532963104830621,0.00174444477844804,0.01584423909859023,-6.69866099478611e-05,0.0039821218751865395,0.02051656850567385,0.014718418739979588
2025-11-25,0.0038052736187974556,0.0149814363087164,0.002277353661534587,-0.00031569077041548876,0.016778413702743356,0.0063078911822160855,-0.02591075694250211,0.009406020957730021
2025-11-26,0.002094178534708613,-0.0022205534501759105,0.001069039070802802,0.007998338908444147,0.015313661617477159,0.017841087081432283,0.013721728427074753,0.006903490619724062
2025-11-28,0.0046837961187689015,0.01771686809963624,-0.0016019507428642887,0.012424331348639184,0.01768299467805856,0.013408925473271216,-0.018084970501686226,0.0054584342293309
2025-12-01,0.01524119743713337,0.0028299616613276513,-0.003903891290997996,0.004821066034977672,-0.01328720813716322,-0.010711242234453744,0.016497230579703537,-0.004565560353440801
2025-12-02,0.010914832876105063,0.0023088475921804186,0.0009425743615356641,-0.006440050713598433,-0.003366709204312257,0.006697679538790746,0.008559284483354412,0.001852367504067809
2025-12-03,-0.007128157809805358,-0.008702300580441968,0.0014802887125018316,-0.0009296182229129313,0.01380406459603356,-0.025040828559835693,-0.010305283802814369,0.003462749080359595
2025-12-04,-0.012141479874668626,-0.014071797072686909,-0.001881114171766396,0.0006461951944911615,0.01271910227341011,0.006509910616417036,0.021160534523537944,0.0007310498015529188
2025-12-05,-0.006840055245008081,0.0018331725713693903,-0.00121142414905262,-0.0017823532991587676,-0.0033532942809231248,0.004824908141233264,-0.005289605770121497,0.0018994848443159018
2025-12-08,-0.003192433705098474,-0.011501761877265149,-0.0014825773486593086,-0.002639449868615862,0.0005394601174315561,0.01626792904501806,0.017214022376646154,-0.0030042091058060105
2025-12-09,-0.0025549528865235205,0.004539639393836836,-0.000674631150002658,0.005137202012788666,-0.04663544047604784,0.0020365318428314794,-0.003125876875773148,-0.0008631180942337835
2025-12-10,0.005772358970110858,0.016935769749744978,0.0029712456560149203,0.004259147967166088,0.031945439201124026,-0.0273566227614912,-0.006433489130266867,0.006632235252757246
2025-12-11,-0.002690246960942222,-0.006471654188885845,0.0,0.010769830543307712,0.023443401047247514,0.010259974920459936,-0.015507749510496383,0.0023269460314641055
2025-12-12,0.0008990946591842519,-0.017760970816273702,-0.003097229063424356,0.005594579039939429,0.003591860075829567,-0.010217785106327315,-0.03266449001911087,-0.010751986278262682
2025-12-15,-0.014984890847580368,-0.01613691637948922,0.0012157841860731544,0.0009103412637567754,0.004709395830136742,-0.007752890903315213,0.0072562847968487,-0.001510898681416406
2025-12-16,0.0018241281266524467,8.989068511033871e-05,0.0018887711705957155,0.00022745542760316262,-0.013967956575470897,0.0033065371992535564,0.008111693749698334,-0.002732285145230273
2025-12-17,-0.010087028861802017,-0.005796159688549518,-0.0002693608357545729,0.008588228474273762,-0.0018062472909968763,-0.0005668181720785981,-0.03814991485334229,-0.011003593983400228
2025-12-18,0.001287574790797219,0.024811271877659857,0.0021219195647672606,-0.0018032036998043566,-0.006286187857898917,0.016508469753089283,0.018719953397407174,0.00755126270975226
2025-12-19,0.005437411303821804,0.0026019210221046585,-0.0014833634518555128,0.0011289903434381632,0.013450402327430444,0.004008424988813264,0.039336191946053534,0.009063506223587092
2025-12-22,-0.009865948891234266,0.00475032567966549,-0.00027031330383919805,0.02308160549906857,0.01853660192935691,-0.0020579063896725147,0.014917981573424388,0.00622989400678442
2025-12-23,0.005129713035979311,0.016241329216049705,-0.0001348778157320707,0.013252341857567629,0.00879020176875045,0.003980047044735091,0.030050626087284815,0.0045704023396588855
2025-12-24,0.005323781322749355,0.001033882544133169,0.0024321235449789036,-0.004134082564786756,0.009940799812659273,0.002403104372375564,-0.0031711040511148703,0.003517674396244841
2025-12-26,-0.0014972809650131147,0.000602458846315379,0.0,0.011676735474757116,-0.0038277523658882817,-0.000635154335217325,0.010179749413702144,-0.00010140966545213459
2025-12-29,0.0013167962364342145,-0.0019353042317807878,0.0014824585527286605,-0.0435283019531133,-0.012686471507801111,-0.0012507520225100155,-0.012124095818556446,-0.0035636535074947684
2025-12-30,-0.0024841597541549465,0.001982123671998126,-0.00040384169070584175,0.0007275678386380324,-0.0010193012365934395,0.0007801502882722744,-0.00361277804937421,-0.0012211244085722495
2025-12-31,-0.004467463604312272,-0.0073538531116630335,-0.002692771917472414,-0.006467991163222386,-0.0037103405970364545,-0.007918291760792395,-0.005545450183530032,-0.0074089416209803804
2026-01-02,-0.00312648029845064,-0.018715913643268745,-0.0004048855630982562,0.004970859258759619,0.010117308447080475,-0.022083474546271464,0.012600536961681508,0.0018329931020035772
2026-01-05,-0.013837112595369017,0.028962461627345393,0.0018907217480821359,0.026313174195160993,0.026299633644040865,-0.0001902960672361953,-0.0038655016095672234,0.006660117292359935
2026-01-06,-0.01833426835440255,0.033768107781812384,0.0,0.010813149047262716,0.00622474593398481,0.011969994918854088,-0.004677830570294028,0.0059472480516442605
2026-01-07,-0.007737496605901173,0.0026148877348795008,0.0010784784233508482,-0.009559953917111952,-0.022772715762333418,0.010365464492384069,0.009987097761727348,-0.003223412281198157
2026-01-08,-0.0049552102640688656,0.019581038977249277,-0.0017504691320145982,0.005522515913727544,0.008562966268655936,-0.011086533967845869,-0.02152181842344114,-0.00010152731427326422
2026-01-09,0.0012738888084979916,0.004425724253495522,0.002158201412047367,0.007242001159325273,-0.0018193423758875449,0.0024471623168931256,-0.0009728361331303725,0.006613382996888628
2026-01-12,0.003392793467145605,-0.003678565947722645,-0.0009421797042027391,0.018722729613168898,-0.014277537721672284,-0.004381590565727067,0.00043280183361860125,0.00157043300066384
2026-01-13,0.00307399257312313,-0.0157016882298876,0.0008084490527171528,-0.0014210408732292512,-0.041881130412505296,-0.013642591882396693,0.004704239730442428,-0.0019995067653818532
2026-01-14,-0.004175458991876879,-0.024526018373191683,0.00201943759757639,0.010222226854541994,-0.009745850521142074,-0.023987046955567637,-0.014369602734984221,-0.0049151644595419874
2026-01-15,-0.006731727764257678,0.006465239039753046,-0.0014779920635683563,-0.006127660830587689,0.004514954855955988,-0.005921036695894166,0.021349905289956617,0.002723208385480236
2026-01-16,-0.010379221191344046,0.0039466053837939885,-0.001614722516814493,-0.004818883830700504,0.010379576882297181,0.00700735351914572,-0.004383931622591319,-0.000837905189162047
2026-01-20,-0.034555586545020445,-0.033957825706746436,-0.0036387394610319923,0.03783617488689295,-0.03113902321993911,-0.011612274057560046,-0.043816762744832816,-0.02035680001149731
2026-01-21,0.0038508468560267684,0.001341980773133189,0.0028406184439373483,0.014568979615140476,-0.0023120661313811297,-0.022903314807395048,0.029482885699874783,0.0115411092816613
2026-01-22,0.002826561879143208,0.01309929882528893,0.0004045032314077268,0.01846258414950319,0.005264063123871843,0.01582950006612327,0.008291397296120495,0.005223257672714476
2026-01-23,-0.0012482700788880585,0.020568436457892858,0.0010787287325619843,0.013745304981574558,-0.019464505632873164,0.03282791169509047,0.015310543910665775,0.00036273518897367296
2026-01-26,0.029713035188522863,-0.003094185824689788,0.0012120263193637903,0.014628847613605389,0.011151476840279395,0.009292817361890027,-0.006394170442939551,0.005078142735685631
2026-01-27,0.011197599163490057,0.026256163723313408,-0.0008070393932571029,0.024531942321975864,-0.002424915339831024,0.021901909507044515,0.010993714284356582,0.0039842543077575066
2026-01-28,-0.007085580156587334,-0.0068252338521122,-0.00040384561594941637,0.038773348494905324,0.0015316195091061857,0.0021848051911272925,0.015913472151403374,-0.0001006645803248718
2026-01-29,0.0071751307281611165,-0.005267268047532414,0.00013456478980233832,0.0027094717415592218,0.018785277715230198,-0.0999314476548332,0.005169124688451321,-0.001984377154833794
2026-01-30,0.004646276870277299,-0.010052507834071855,-0.00040395441508034313,-0.10274245274560045,-0.001729639654550752,-0.007404848694840482,-0.007168418675203125,-0.002982572514766746
2026-02-02,0.040581019583889155,0.015294624385431943,-0.0010137011087080205,-0.04004945911975222,0.007355621600087403,-0.016082160363393605,-0.02888086354036168,0.004971400525214165
2026-02-03,-0.0019627958800989553,-0.017863069956986388,0.0002706295763184041,0.06358720612372104,0.02177574320277964,-0.028721972051949263,-0.028392949431980563,-0.008455473390127866
2026-02-04,0.02601286642781786,-0.023593955826118118,-0.0004056771724499919,-0.0007044119795716064,0.007686103976134895,0.007247001797791919,-0.03410221846767858,-0.004843853725993386
2026-02-05,-0.002097593092373451,-0.04420791797466184,0.004329923891278842,-0.026631707613677613,-0.02240986945591139,-0.04954253276678533,-0.013261404396442744,-0.012489284060324235
2026-02-06,0.008009748840153375,-0.05554804877440456,0.00013490637017210538,0.03073229479090611,0.03946354478197245,0.018975304586217767,0.07871772229137908,0.01918478647681998
2026-02-09,-0.01166048390953256,-0.00760748406141476,0.00026935841187625265,0.02540290594406658,-0.0009304747294303084,0.031061465218646278,0.024971681890920472,0.004821815563577747
2026-02-10,-0.003422959769044165,-0.008432323191560842,0.002962875839468415,-0.009913720520981939,-0.011859774587850813,-0.0007979095156083194,-0.007893055623999112,-0.0026371459581814305
2026-02-11,0.006650117732854843,-0.013915755650289796,-0.0020141985374877436,0.011310577541873812,-0.02343839320193375,-0.021535615805142183,0.00800892626713745,-0.00023112214366449724
2026-02-12,-0.04998173910671744,-0.021952154485218922,0.004575113743874981,-0.03472828959819363,-0.02631753209469645,-0.006256609768801491,-0.016364060802846025,-0.01544885969788623
2026-02-13,-0.022733450234726726,-0.004058180323715632,0.002946396525780548,0.024878663914389865,-0.00029749039061244265,-0.001293985238056461,-0.02209265226893975,0.0007044991031190939
2026-02-17,0.03166790148756515,0.011871828009746066,-0.00013351013154427882,-0.0311702543391007,0.015138028956200644,-0.011113376251159934,0.011815519283652876,0.0016134830190519533
2026-02-18,0.0017811375828364895,0.018095945812067304,-0.001068534442081548,0.022489929267582198,0.005372351695765332,0.006904178245914272,0.01627282163254007,0.005037707550576753
2026-02-19,-0.014261551090285374,0.00034184934085601526,0.0004011160733266017,0.0027930496262249527,-0.0023641315383948758,-0.0005768623429248665,-0.0004255371370144312,-0.002637433731113581
2026-02-20,0.015350449692731916,0.025627257563010764,-0.0001338245138728933,0.019714504323102178,0.008894703976805918,-0.0030868435621884682,0.010218296081220712,0.007231939581382241
2026-02-23,0.006047257970275721,-0.023035535309270605,0.0021389906415012483,0.027015500392687075,-0.04221490651923521,-0.03212252071132937,0.009113883503194087,-0.010211366038766267
2026-02-24,0.02239103564464129,0.016027637831418806,-0.0005336062815328724,-0.01385890426498504,-0.0012431597747034617,0.01178251519260276,0.006786738276500337,0.00726847527019836
2026-02-25,0.007679860855135612,0.00997315810991184,-0.0002669455846071589,-0.0025072627221415233,0.020181563493122834,0.0298200264733548,0.014052276035389388,0.008438306300538434
2026-02-26,-0.0046676776162442035,-0.012913032798065993,0.0014683339120942218,0.008575889154321725,0.009330848466285513,0.0027958182358562844,-0.05456124072866231,-0.005554445579207146
2026-02-27,-0.03213044438249635,0.01000385652833935,0.0019996385722029775,0.01313141674919538,-0.01904426117671354,-0.022353901512221608,-0.041646346652961186,-0.004801940858611298
2026-03-02,0.0020440108677830526,-0.007666669573102691,-0.004029780986350762,0.012919896640826822,-0.00912415181227677,0.014793453501622311,0.029854947906472917,0.0005686124327104469
2026-03-03,-0.003664168116717992,0.0016315386481426941,-0.0010719946777349998,-0.04461221500318879,0.009073762373418282,0.013498946894749508,-0.013316571281988043,-0.008814339520359149
2026-03-04,-0.0046635601744375865,0.03875826073047883,-0.0006704564133329649,0.007818116439543887,-0.0028974061672935036,0.0031441531290252733,0.016606504566419655,0.00705526576749449
2026-03-05,-0.008494547048829904,0.009777672934109694,-0.00228170382162296,-0.012017768242597593,-0.01950644087779707,0.013524143668401711,0.00163899863585093,-0.005575491873376914
2026-03-06,-0.010872595974432131,-0.026171534044230005,-0.0013450890986311803,0.01583250339069653,-0.013864691959295294,-0.004188164531066962,-0.03010799423668542,-0.01310712873041986
2026-03-09,0.009399570490431275,0.0013132534612816382,0.0028285750024918954,-0.0020696732193965506,0.0015200543179132442,0.0011003722075924038,0.027162275767295796,0.00875996072290297
2026-03-10,0.0036555398041986376,0.00393459326562029,-0.0030891755368123164,0.01127967872100144,-0.004104644959157633,-0.008915215141642507,0.01160697676597211,-0.0016071058958396778
2026-03-11,-7.670678451010549e-05,-0.007838417021498345,-0.004446324325704021,-0.003390104145245987,-0.004190820810102247,-0.0021688058128880305,0.006873713447352436,-0.0012551345486657706
2026-03-12,-0.01936274610273292,-0.014671973697334195,-0.0036539209354171653,-0.019653925633074443,-0.01610307597524796,-0.007459038776109095,-0.015535083686109119,-0.015184966271003186
2026-03-13,-0.022051876328148423,-0.008877013416636048,-0.0009509386449219059,-0.012936961278600778,0.0019440851951306737,-0.015701969810701044,-0.015780314308353027,-0.00566013575260893
2026-03-16,0.010794859745288043,0.0195984367511175,0.0038068495116465595,-0.0008896876689686861,0.009596336831564134,0.011123782896491852,0.01647717218041489,0.01017686501045656
2026-03-17,0.005577047742174601,0.016340754535353108,0.002031885127744548,-0.002519392047785618,0.002551115996153097,-0.0013502086602691366,-0.007040797336696936,0.002630544991105488
2026-03-18,-0.01687444479508171,-0.024767666852414494,-0.004055216328895717,-0.03163716142328721,0.0029626245341398683,-0.019078100591435554,-0.008409798772097021,-0.013953644515257158
2026-03-19,-0.003920930967820313,-0.005288991452693126,0.0010857521735507802,-0.041215062676522196,0.0007994786362732764,-0.007070176962847952,-0.010199568445272478,-0.002464288275344284
2026-03-20,-0.0038962445152316283,-0.01623874055782004,-0.007998973501408546,-0.0305574415876555,-0.004896399035656973,-0.018379451907360234,-0.03281811115811839,-0.014335787930812693
2026-03-23,0.014113480475494988,0.02322639327005427,0.0038267257886572814,-0.02259421410703788,0.01169038814918677,0.002959136952026542,0.0170237820072745,0.010499991225476402
2026-03-24,0.0005964238375686381,-0.013800294588880768,-0.002586762664209763,0.00022274115430986896,0.00858889146089048,-0.026788584000617788,-0.00250518750288653,-0.0033568144771775055
2026-03-25,0.0038944425565474727,0.021569200454641724,0.0038220244528506253,0.030089336389747867,0.010328428537211387,-0.004560720873527657,0.019863034004328428,0.0055726882440485515
2026-03-26,0.0010688333127273353,-0.019696817795534227,-0.005847159410403258,-0.0375939695290467,-0.012727785877155617,-0.01366431796733969,-0.04163858095780393,-0.017858729983344035
2026-03-27,-0.016173068672430957,-0.039510442389467326,0.0,0.035093842463368,-0.030240623887443308,-0.02513874928256188,-0.021723974181843797,-0.01705189415742525
2026-03-30,-0.008721851736991693,0.008076656164990315,0.005060939734394809,-0.0002894276132928697,0.0032880668110599753,0.00613842352061944,-0.014028147487508913,-0.0033433906874337227
2026-03-31,0.029031290418426448,0.03642700888472339,0.0021773094491188694,0.037893826237359374,0.03661416754282243,0.031229157756083703,0.05588180888236938,0.029067865784757174
2026-04-01,0.007250134515282447,0.011043371606930696,0.0004088745303298946,0.017499822514495555,0.004147398728892249,-0.0021611901863888283,0.007740860269023653,0.00753449141030349
2026-04-02,0.0011344553655323608,-0.0037992260242744047,0.00217924811689163,-0.019208815315471695,-0.002640680795986672,0.011072868751592857,0.009331356375359201,0.0009004595313388819
2026-04-06,0.011487876222620041,0.014396667550949482,-0.001495020977945849,-0.004098669687746526,0.008017798550562727,-0.0015530146410365209,0.0014093304479019242,0.004726845083763864
2026-04-07,-0.0207060792616357,0.00460553135602737,0.0014972594121764882,0.009727589667910319,0.006600097448735687,-0.0015822508381434508,0.00258955293576979,0.0004400005646272298
2026-04-08,0.021301735790709264,0.03499085736091123,0.0019026302000939577,0.00629906958171822,0.03554131170863384,0.005479578543501118,0.0223470271240227,0.02546963651219092
2026-04-09,0.006141348347641795,0.056045170153601775,0.0004069396964081484,0.007778530578574028,0.0076630179280876565,-0.003365977272341003,0.010050504643715596,0.005769017699185586
2026-04-10,-3.834482173115106e-05,0.020244002182271403,-0.0014915749265366207,-0.0017811851128632927,-0.0014822259329182463,-0.005897032858082851,0.025664741901011645,-0.0006617754265585418
2026-04-13,-0.004913954203973225,0.006334400855383171,0.002172842482733195,-0.004049183335572026,0.01229546105901469,0.03640089840318694,0.003604892099032586,0.009772447246481741
2026-04-14,-0.00142758690909639,0.038059130876826774,0.0024390956999700286,0.022349346089928224,-0.008161195883457983,0.022738477393367207,0.038032865411783634,0.012184877209840739
2026-04-15,0.02936295529114541,-0.00208820280916866,-0.0013518371203973256,-0.010402401583740839,-0.01668164506679881,0.046068533854630056,0.01200957407583192,0.007890969227043909
2026-04-16,-0.011372633634406881,0.004828961562342915,-0.0014888460150004335,-0.0008627455164704756,0.013140301225801565,0.02198340217176664,-0.002614769796708716,0.002457347646937613
2026-04-17,0.02593021154924191,0.003444135445984209,0.0039310491144013415,0.013293051904224695,0.0010969357503831656,0.006020092104702002,0.016788441530004805,0.012085686101644066
2026-04-20,0.010435475371396441,-0.009099612075002872,-0.0006750844818076418,-0.008611208936292747,0.02159270356483467,-0.011163956243767204,0.00188419663120043,-0.0019997351150194964
2026-04-21,-0.025196703995697067,0.0065651880571397925,-0.003107715499563124,-0.028320000717914517,-0.012587150870674635,0.014566950244961241,-0.010788787118989118,-0.006546892848539487
2026-04-22,0.026298995241013978,0.021807838295304194,0.0010842552270584616,0.013245809401008168,6.385654138285624e-05,0.020652560845584977,0.013107830909409257,0.01012671209511895
2026-04-23,0.0009516944880663125,-0.001096486445127054,-0.0017599934061542921,-0.00969535708776803,-0.004248833052150736,-0.039660934617680055,-0.014123474389033275,-0.0038807408683984024
2026-04-24,-0.008667702544387201,0.03493017225717909,0.0017630964442705288,0.005127114447075254,-0.010940380150622708,0.021334937195510273,0.043227788976992976,0.007749309237231605
2026-04-27,-0.012727861582674027,-0.010871605831113018,-0.0016245691699109388,-0.007755303754327758,0.01086669445655386,0.0004710499812119462,0.04004417714781017,0.001722787837563633
2026-04-28,0.011584102768505522,-0.005438047398549362,-0.000271289200557967,-0.0185629131043068,-0.00057753054980203,0.010427908679775388,-0.01588104908680843,-0.004865992267119479
2026-04-29,-0.001994705758897597,0.012860978748156615,-0.004476441191621494,-0.010665781709228828,-0.007063802772193428,-0.011159034047451222,-0.018389075111261644,-0.00015450932498595193
2026-04-30,0.004367659937802859,0.0076793983730687465,0.0014988916077189884,0.014973287523456946,0.01286987049440036,-0.03929691983619443,-0.04626045560032954,0.009949633527564838
2026-05-01,0.03239351812191993,0.012072784412985094,0.0013923285006183228,-0.0011330099187530918,-0.0024263326381473993,0.01633231850252348,-0.00561207563438304,0.0027690952923506984
2026-05-04,-0.011815603186417278,0.014128002271583506,-0.003407822989618392,-0.02001512681908002,-0.01542553598523233,-0.0019785964451384253,0.0001511106711307164,-0.0036633921467564834
2026-05-05,0.026550690927708454,0.005513692583370089,0.0017781821276201537,0.008584306218673232,0.005688299482735193,-0.005415548178495877,-0.009975799776516192,0.008022228723942426
2026-05-06,0.011717924952267644,0.005264129064761924,0.004232544111373304,0.030339261182306565,0.01777636689210116,0.0062715193636264654,0.057659075388685865,0.013899399692774095
2026-05-07,-0.00024350711440246364,-0.01389133038400725,-0.002583229984640778,0.001670691560653026,-0.027405562904829983,0.016450879458010714,0.01765865404299216,-0.0030660824190705815
2026-05-08,0.020456497888878378,0.0055683857848436435,0.002589920344532537,0.004841540894531038,-0.01361536214096759,-0.013427757958591746,0.017494095947569344,0.00825609701116825
2026-05-11,-0.0012626705737772692,-0.013532354923427414,-0.002447160587786379,0.0020287362083613036,-0.006951422136867502,-0.0059259923965174766,0.01970259096216065,0.002277563042387465
2026-05-12,0.007243389265544797,-0.011784761609137218,-0.002998567295349641,-0.003957209812161522,0.016266698193691642,-0.01185000702966521,0.006106452319395217,-0.0015149526145865622
2026-05-13,0.013805995565634221,0.016213969753363422,0.00041012532867257256,-0.005612899814961714,-0.01518625903724935,-0.006277990380058274,0.022873482047085725,0.00559483781461112
2026-05-14,-0.00220833028705536,-0.010772604336833247,-0.0002733047965621793,-0.007642296271595517,-0.0011323737917798837,0.010414344989990054,0.04388258597883499,0.0078943149045545
2026-05-15,0.0067738157309671365,-0.011526033074604314,-0.005740969762378145,-0.02322039069444226,-0.007002182681687286,0.030505840389261074,-0.04420122720632225,-0.012029343756796207
2026-05-18,-0.007960612067346995,0.0027257161474880665,-0.0006872895050501482,0.00273187497307803,0.009804966055655173,0.00383963141857957,-0.013314388358780072,-0.0007035093177317764
2026-05-19,0.003793999787491842,-0.020841158796957915,-0.003301660065001877,-0.016561892782745447,-0.01672598122328084,-0.014449655975185882,-0.007691677106092865,-0.0066607880874933745
2026-05-20,0.0109709963070026,0.021863243262898013,0.005520959886692989,0.014337773746013083,0.021237827780780094,0.008720179231968883,0.012964070657941695,0.010248994582563453
2026-05-21,0.009065310949131433,0.01301830709151064,0.0010982768534857357,-0.0009822799906678004,0.0033776595528693942,-0.0025229027109182622,-0.017720537361840427,0.0019830877010671433
2026-05-22,0.012557845216167651,-0.007971333528174807,0.0009597405025130179,-0.0076020599640161945,0.011155101734823258,-0.001240757398686787,-0.01904237298751621,0.003931549076803931
2026-05-26,-0.001586751960143129,-0.003867523096163561,0.0028767764952357666,0.00043495402009452455,0.0011749537442633518,-0.00606830040489359,-0.0021826918622399605,0.006638641352187502
2026-05-27,0.008173125031610828,0.024727646527565872,0.0009560698844806037,-0.013309202332427494,-0.02432027250362001,-0.008076305462157207,-0.010518481304186755,-0.0001732421647460125
2026-05-28,0.005340207912225559,0.007908750591183455,0.0019105230009548446,0.010477609933210896,-0.008520381291236778,0.034700793226276616,0.007761016341909066,0.005516578600909927
2026-05-29,-0.001439992937726231,-0.01226272026117703,0.0005448228180333636,0.010538571648365469,0.008694742151130974,0.05445092515456418,-0.014515703746992292,0.0024914048034492264
2026-06-01,-0.018425943872925732,-0.03465860321873382,-0.00045073967415631966,-0.014048680044494555,-0.00912103426891464,0.022832265019252507,0.0626124588791841,0.0027231134609038143
2026-06-02,0.029022933365852488,-0.0181429249589532,0.0002732226718751285,0.001677776649860796,0.014768341793673478,-0.04171369737114239,-0.006863972045151545,0.0013579397972762752
2026-06-03,-0.015672595971098935,-0.02533909644314114,-0.001912559162903782,-0.009904155768766576,-0.0003653631645685884,-0.03165575513355168,-0.03621758578863232,-0.00701718232049986
2026-06-04,0.0031264139436979477,0.01507874949703436,0.0013687763711311973,0.008335974543818736,0.033372080535216675,0.0016614205577816232,0.01939395646671027,0.0037786857621391334
2026-06-05,-0.012498841728371679,-0.03057644001781823,-0.004510662207273919,-0.036545333189379026,0.004760511625581776,-0.026585620113925623,-0.062014073591381225,-0.025809371248925683
2026-06-08,-0.01887156849768501,-0.0032922715222234444,-0.0002746408149043589,0.002599431669397134,-0.004033725371046182,-0.011831960627074034,0.017259839984335112,0.002264172608771542
2026-06-09,-0.03644631040831148,-0.004200304926880172,0.0021975198367640836,-0.01633647245916592,0.005110785750300106,-0.020231181740505533,-0.0021568105327770537,-0.0029354505508077944
2026-06-10,0.003544996808021894,-0.025349123139844942,-0.0008222367735588598,-0.04145558180468856,-0.011384721351222371,-0.014997194555478321,-0.03732169739825886,-0.015765562508027298
2026-06-11,0.013889904990249002,0.01474787607914263,0.005760498812770409,0.03134182597256352,0.014071240233745508,-0.017666572560045224,0.022203357892913722,0.016996847886747934
2026-06-12,-0.015221729613622226,-0.012256186172015071,-0.0012273002432365843,0.0005694792310315666,0.023063020107523924,0.0010247320290952544,0.0015620019126554308,0.005408247901529384
2026-06-15,0.018170605764429082,0.031314194613874635,0.0008192055733571291,0.025896360083728753,-0.004115760495237097,0.023084454513702557,0.03538181402824003,0.01763396989375332
2026-06-16,0.009513449426140408,-8.13115686266741e-05,0.0015006823561944937,0.002723533282284807,0.03675641092824922,-0.014833957996038927,-0.023723197733726886,-0.005961562844234103
2026-06-17,-0.010994446379867018,-0.03455284552845528,-0.003677992545162101,-0.02270955075927472,0.0070060237177231866,-0.03788432424867805,-0.013307023368657411,-0.012487870885051433
2026-06-18,0.006960626705947437,0.029010523745888195,0.002734453740352194,-0.003808571701190089,-0.024710573715507,0.0012931572923366996,0.029513846689763534,0.010396992441959574
2026-06-22,-0.0033555919842641613,-0.047465142323687703,-0.002726996893496869,-0.0065354381359996605,0.019248533511496246,-0.03178702623248908,-0.00968251232276296,-0.003146979693962715
2026-06-23,-0.00912434558954689,0.005670378290686617,0.0010938024281554881,-0.018903219228002643,0.008024618744603806,0.01796702283800511,-0.04126528091164561,-0.014521954010491611
2026-06-24,-0.004145434153267291,0.0006834550497296643,0.0045069660382179855,-0.030213064971899906,-0.002064954886221937,-0.022677464114465473,-0.00519892681982459,-0.0004635170636431152
2026-06-25,-0.06117781321571136,-0.03098992458796157,0.0006798286856690705,0.009674185334065832,0.005008141585630899,-0.03455919985256439,-0.016381881943899224,0.0014456352254532678
2026-06-26,0.03136472859984596,0.025020959746330673,0.0009510303608954995,0.011286779419095394,-0.018112939266905714,0.05708135763656941,-0.016399339040476746,-0.007231373616869652
2026-06-29,-0.007188697419469814,0.03201683299701785,0.0005430186412500593,-0.013516094115971211,0.0010333563941116175,-0.011797179081651343,0.012673362368860186,0.016474862380159383
2026-06-30,0.02704619642688466,-0.00749564027789118,-0.00407001408735197,-0.0005425733809176769,-0.006254044887290422,0.012073640288203347,0.026260425117358155,0.007786800986842035
2026-07-01,0.017348699838890536,0.014097510539473834,-0.0014487987191676988,0.006026389031102086,0.020590950646787842,0.030186076074363744,-0.012544327816355838,-0.001352504438058455
2026-07-02,0.0484068203126522,0.004013244654325954,0.0006844108052113107,0.020318398961908235,0.001197315436734403,0.01616006941502235,-0.013918412665829716,-0.001314069480687241
2026-07-06,0.01305770247720095,0.006140048231783268,0.0004103238824570976,0.01057837238078907,0.014265549396600186,-0.009603319147180267,0.0036955356666652506,0.008727409093039817
2026-07-07,-0.006396724801939757,0.007454095831143315,-0.003965011183311384,-0.012142502784779907,0.004441549196311012,0.0054300205733650575,0.007056965494693257,-0.004751899671231685
2026-07-08,0.008787777487112347,-0.009594278605344897,-0.0020590463832637074,-0.008053135463158334,-0.025352296658711193,-0.014144635458798516,0.03651044893523969,-0.0030894297130047432
2026-07-09,0.009030238488741738,0.01403824906613349,0.0017882378028855062,0.009961224054354512,0.01466942766663748,0.0026607946559606965,-0.006564748040099211,0.00846525000257925
2026-07-10,-0.0028461004775477416,-0.006881464517662805,-0.0008239075446884181,-0.003093719744077794,0.002980892468361418,0.0019253324491523838,0.04033932332484791,0.0043101596888019955
2026-07-13,0.0063110179758711915,0.008029678202122303,-0.0037102742273127376,-0.02620621369961662,-0.005765751580729228,0.015294687191659273,-0.03521998340020871,-0.007656174850540931
2026-07-14,-0.0077211944971221635,0.0007278635572653958,0.002758578596443906,0.013673600487310367,0.02499033240560311,-0.015499111767442342,0.040632851776453593,0.00355064169730146
2026-07-15,0.040144874663333496,0.030183041960898382,0.0016506568310790115,0.0005374505181017231,0.011723843920603993,0.027797294081066015,0.0033049902651376417,0.003963635929681075
2026-07-16,0.017587816078244334,-0.019885500434225545,-0.0001373542470802791,-0.01984695723728025,-0.010838574056478478,0.013826052506617614,-0.02400002872242646,-0.005418617756386079
2026-07-17,0.0014402582208634662,-0.010644698341695902,0.0006867607943203957,0.009453124418586922,-0.00597402835328964,-0.018150083940457584,-0.022131130535045007,-0.009897156017872222
